"","PLOT_NAME","SUPER_PATHWAY","SUB_PATHWAY","Rmcorr","CI_lower","CI_upper","p_value","padj","sig"
"1","S-1-pyrroline-5-carboxylate","Amino Acid","Glutamate Metabolism",-0.215097810045232,-0.442926929353785,0.0388259804861505,0.0959602293789954,0.987519423912982,""
"2","spermidine","Amino Acid","Polyamine Metabolism",-0.00776541860044633,-0.25907952927589,0.244533504063326,0.952636688867342,0.996044105356003,""
"3","1-methylnicotinamide","Cofactors and Vitamins","Nicotinate and Nicotinamide Metabolism",-0.206076706884903,-0.435307432797126,0.0482478234113039,0.1110776756473,0.987519423912982,""
"4","12,13-DiHOME","Lipid","Fatty Acid, Dihydroxy",0.0258825954890382,-0.227420418473192,0.275905047651926,0.843044580012908,0.996044105356003,""
"5","alpha-ketoglutarate","Energy","TCA Cycle",0.149410118288264,-0.106414417008642,0.38668211054216,0.250451346092592,0.987519423912982,""
"6","kynurenate","Amino Acid","Tryptophan Metabolism",-0.00710541457333578,-0.258463686887627,0.245153976166362,0.956658185910839,0.996044105356003,""
"7","3-hydroxyisobutyrate","Amino Acid","Leucine, Isoleucine and Valine Metabolism",0.143967401722186,-0.111910539454592,0.381941251195692,0.268320718696184,0.987519423912982,""
"8","3-hydroxy-3-methylglutarate","Lipid","Mevalonate Metabolism",-0.181576273465941,-0.414446578846424,0.0736102709822087,0.161366663799062,0.987519423912982,""
"9","homovanillate (HVA)","Amino Acid","Tyrosine Metabolism",0.0913006399021771,-0.164297528405151,0.335409838936837,0.484056996629946,0.987519423912982,""
"10","3-phosphoglycerate","Carbohydrate","Glycolysis, Gluconeogenesis, and Pyruvate Metabolism",0.0612560398494996,-0.193550317550729,0.30832076418971,0.639092362097216,0.996044105356003,""
"11","cholate","Lipid","Primary Bile Acid Metabolism",-0.0499590668284477,-0.298030366513431,0.204433595863987,0.702194756467956,0.996044105356003,""
"12","5,6-dihydrothymine","Nucleotide","Pyrimidine Metabolism, Thymine containing",-0.0138241240332905,-0.264723307952617,0.238828023349611,0.91578768482308,0.996044105356003,""
"13","hypoxanthine","Nucleotide","Purine Metabolism, (Hypo)Xanthine/Inosine containing",0.0829763524740703,-0.172447710122253,0.327944633779585,0.524934997982856,0.987519423912982,""
"14","9,10-DiHOME","Lipid","Fatty Acid, Dihydroxy",0.113070964250932,-0.142816270061996,0.354789562280604,0.385596962975558,0.987519423912982,""
"15","linoleate (18:2n6)","Lipid","Long Chain Polyunsaturated Fatty Acid (n3 and n6)",0.0682163055530445,-0.186813569335872,0.314632204298913,0.601410413368793,0.996044105356003,""
"16","laurate (12:0)","Lipid","Medium Chain Fatty Acid",0.149607054809343,-0.106215254589173,0.386853416640043,0.249820325462129,0.987519423912982,""
"17","quinolinate","Cofactors and Vitamins","Nicotinate and Nicotinamide Metabolism",0.0258259680038936,-0.227474152408237,0.275852695041857,0.843383640231153,0.996044105356003,""
"18","N6,N6,N6-trimethyllysine","Amino Acid","Lysine Metabolism",-0.0356709602220994,-0.284932241914227,0.218108983630862,0.78491291423583,0.996044105356003,""
"19","N-acetylputrescine","Amino Acid","Polyamine Metabolism",0.0427065356540182,-0.211387547763168,0.291393514752271,0.743821087284768,0.996044105356003,""
"20","N-formylmethionine","Amino Acid","Methionine, Cysteine, SAM and Taurine Metabolism",0.0874651799062784,-0.168057108710819,0.331974009996547,0.502680053357316,0.987519423912982,""
"21","adenosine 3',5'-cyclic monophosphate (cAMP)","Nucleotide","Purine Metabolism, Adenine containing",0.149774730427635,-0.106045667617612,0.386999257108039,0.249283915766912,0.987519423912982,""
"22","5-methylthioadenosine (MTA)","Amino Acid","Polyamine Metabolism",-0.083931758017331,-0.328802996668708,0.171514060543,0.520157415660388,0.987519423912982,""
"23","N6-methyladenosine","Nucleotide","Purine Metabolism, Adenine containing",-0.027755413326762,-0.277635648859381,0.225642428308931,0.831847307952001,0.996044105356003,""
"24","arachidonate (20:4n6)","Lipid","Long Chain Polyunsaturated Fatty Acid (n3 and n6)",-0.0386146422533312,-0.287638394777444,0.215299663731154,0.76764177190345,0.996044105356003,""
"25","arginine","Amino Acid","Urea cycle; Arginine and Proline Metabolism",-0.191250888076199,-0.422713354580129,0.063634550698076,0.139814450601408,0.987519423912982,""
"26","aspartate","Amino Acid","Alanine and Aspartate Metabolism",0.081132497057688,-0.174248281637842,0.326286918479466,0.534216807642279,0.988467689816274,""
"27","3-(4-hydroxyphenyl)lactate (HPLA)","Amino Acid","Tyrosine Metabolism",0.0424188035693392,-0.211662904704933,0.291129714042055,0.745488607691557,0.996044105356003,""
"28","phenylpyruvate","Amino Acid","Phenylalanine Metabolism",-0.0746227649376535,-0.320422269689591,0.180591571375644,0.56761810193333,0.996044105356003,""
"29","beta-alanine","Nucleotide","Pyrimidine Metabolism, Uracil containing",0.0252178843201736,-0.228051067041922,0.275290422798344,0.847026345498467,0.996044105356003,""
"30","biliverdin","Cofactors and Vitamins","Hemoglobin and Porphyrin Metabolism",-0.0857574568807337,-0.330442130805443,0.169728658406611,0.511089013925458,0.987519423912982,""
"31","succinate","Energy","TCA Cycle",0.090658183403335,-0.16492779290721,0.334834774829599,0.487150796689592,0.987519423912982,""
"32","3-hydroxybutyrate (BHBA)","Lipid","Ketone Bodies",0.159497142510629,-0.0961869139024575,0.395435344169322,0.219514732858676,0.987519423912982,""
"33","cholesterol","Lipid","Sterol",-0.221629157202015,-0.448423039488891,0.0319761996604951,0.0860544517863697,0.987519423912982,""
"34","phosphocholine","Lipid","Phospholipid Metabolism",-0.00196016523329691,-0.253655697177395,0.249983968415876,0.988038028746012,0.996044105356003,""
"35","corticosterone","Lipid","Corticosteroids",0.0629249487900961,-0.191937189895532,0.309836084951679,0.629969179065994,0.996044105356003,""
"36","cortisone","Lipid","Corticosteroids",-0.0162668853038626,-0.266993926646566,0.236522731000193,0.900976195911287,0.996044105356003,""
"37","creatinine","Amino Acid","Creatine Metabolism",-0.0934922654531805,-0.337370199541572,0.162145922237786,0.473581637399567,0.987519423912982,""
"38","cysteinylglycine","Amino Acid","Glutathione Metabolism",-0.0137152078632483,-0.264622002328218,0.238930743873215,0.916448791056027,0.996044105356003,""
"39","cystine","Amino Acid","Methionine, Cysteine, SAM and Taurine Metabolism",-0.114162109433582,-0.355755453073646,0.141733231315595,0.380998722981741,0.987519423912982,""
"40","sphingosine","Lipid","Sphingosines",0.0560208301583227,-0.198601623016393,0.303559196776378,0.668052754396477,0.996044105356003,""
"41","deoxycholate","Lipid","Secondary Bile Acid Metabolism",-0.078896733276377,-0.324274833810334,0.176429273177198,0.545578668564225,0.996044105356003,""
"42","cystathionine","Amino Acid","Methionine, Cysteine, SAM and Taurine Metabolism",0.003545745721735,-0.248496874223934,0.255138673360957,0.978363767306655,0.996044105356003,""
"43","sphinganine","Lipid","Sphingolipid Synthesis",0.150721478242225,-0.10508784839728,0.387822494345764,0.246269903344245,0.987519423912982,""
"44","fumarate","Energy","TCA Cycle",0.0470205067644424,-0.207254275972677,0.295344152804477,0.718964097521914,0.996044105356003,""
"45","gamma-glutamylglutamate","Peptide","Gamma-glutamyl Amino Acid",-0.0213308200214238,-0.271692152974785,0.231734691806173,0.870383822350682,0.996044105356003,""
"46","gluconate","Xenobiotics","Food Component/Plant",0.0925549899363309,-0.163066380563327,0.336532086098431,0.478046623811651,0.987519423912982,""
"47","glutarate (C5-DC)","Lipid","Fatty Acid, Dicarboxylate",-0.139242750457229,-0.377815680225983,0.116668891317213,0.284508414678857,0.987519423912982,""
"48","glycine","Amino Acid","Glycine, Serine and Threonine Metabolism",-0.23977242910411,-0.463601087305404,0.0128225300294565,0.0627170871409689,0.971901767872883,""
"49","glycocholate","Lipid","Primary Bile Acid Metabolism",0.158944432547044,-0.096748722891006,0.394956825368442,0.221137271130863,0.987519423912982,""
"50","guanidinoacetate","Amino Acid","Creatine Metabolism",0.0569192153170123,-0.197735757066314,0.304377182576976,0.663047168439753,0.996044105356003,""
"51","histidine","Amino Acid","Histidine Metabolism",-0.263064896909438,-0.482896089454636,-0.0120418742394755,0.0405278286591081,0.841634979113175,""
"52","cortisol","Lipid","Corticosteroids",0.00932680780457991,-0.243064813543077,0.260535631030072,0.943127782671582,0.996044105356003,""
"53","hypotaurine","Amino Acid","Methionine, Cysteine, SAM and Taurine Metabolism",0.0207428485018678,-0.232291259112011,0.27114725538663,0.873927082655013,0.996044105356003,""
"54","inosine","Nucleotide","Purine Metabolism, (Hypo)Xanthine/Inosine containing",0.223054586008616,-0.0304781009296615,0.449620258207615,0.0840035465685919,0.987519423912982,""
"55","myo-inositol","Lipid","Inositol Metabolism",0.22442272552852,-0.0290391400427145,0.45076859448425,0.082071514291117,0.987519423912982,""
"56","isoleucine","Amino Acid","Leucine, Isoleucine and Valine Metabolism",0.102918721169046,-0.1528637993767,0.345777910404563,0.429942063862529,0.987519423912982,""
"57","2-aminoadipate","Amino Acid","Lysine Metabolism",0.0363083149069794,-0.217501077044197,0.285518504910784,0.781164354309233,0.996044105356003,""
"58","citrulline","Amino Acid","Urea cycle; Arginine and Proline Metabolism",-0.252735908320881,-0.47436602790741,-0.000977373416435891,0.0493997667215227,0.841634979113175,""
"59","leucine","Amino Acid","Leucine, Isoleucine and Valine Metabolism",0.0136780495001588,-0.238965787206285,0.264587439148409,0.916674350133536,0.996044105356003,""
"60","lysine","Amino Acid","Lysine Metabolism",-0.127892375427047,-0.36786565075347,0.128052413517337,0.325977666531424,0.987519423912982,""
"61","malate","Energy","TCA Cycle",-0.0241191287783305,-0.274274010586993,0.229093051963959,0.853616436728146,0.996044105356003,""
"62","methionine","Amino Acid","Methionine, Cysteine, SAM and Taurine Metabolism",-0.207677120423661,-0.436661590942685,0.0465796114214081,0.108269889991251,0.987519423912982,""
"63","methylmalonate (MMA)","Lipid","Fatty Acid Metabolism (also BCAA Metabolism)",-0.20544098085717,-0.434769237839375,0.0489100872491408,0.112208415203337,0.987519423912982,""
"64","palmitate (16:0)","Lipid","Long Chain Saturated Fatty Acid",0.0424583542400861,-0.211625057470175,0.291165977429958,0.745259326946032,0.996044105356003,""
"65","nicotinamide","Cofactors and Vitamins","Nicotinate and Nicotinamide Metabolism",0.11519457152312,-0.140707875290053,0.356668922134249,0.376678130389407,0.987519423912982,""
"66","stearate (18:0)","Lipid","Long Chain Saturated Fatty Acid",0.0171974388927335,-0.235643796040881,0.267858172066501,0.895342405214668,0.996044105356003,""
"67","ornithine","Amino Acid","Urea cycle; Arginine and Proline Metabolism",-0.187703330695441,-0.419686499689925,0.0672984436418423,0.147451552867492,0.987519423912982,""
"68","orotate","Nucleotide","Pyrimidine Metabolism, Orotate containing",-0.0323886751631842,-0.281910115757423,0.2212364997252,0.8042927514904,0.996044105356003,""
"69","palmitoleate (16:1n7)","Lipid","Long Chain Monounsaturated Fatty Acid",0.0224951792963252,-0.230632033128242,0.272770739518295,0.863374649483687,0.996044105356003,""
"70","phenylalanine","Amino Acid","Phenylalanine Metabolism",-0.14177932135486,-0.380031795246417,0.114115686989295,0.275739257295851,0.987519423912982,""
"71","phosphate","Energy","Oxidative Phosphorylation",-0.104815934219629,-0.347465384839052,0.150990163884036,0.421442777393688,0.987519423912982,""
"72","phytanate","Xenobiotics","Food Component/Plant",-0.049709754994508,-0.297802616551267,0.204673070703754,0.703612153974869,0.996044105356003,""
"73","pristanate","Lipid","Fatty Acid, Branched",-0.094912727412399,-0.338639642629246,0.160750098592217,0.46685766602068,0.987519423912982,""
"74","proline","Amino Acid","Urea cycle; Arginine and Proline Metabolism",-0.306198305790696,-0.518072022050835,-0.0589207759956477,0.016396600904615,0.824051708780884,""
"75","lactate","Carbohydrate","Glycolysis, Gluconeogenesis, and Pyruvate Metabolism",-0.105195617928323,-0.347802905535553,0.150614977839185,0.419753449013139,0.987519423912982,""
"76","retinol (Vitamin A)","Cofactors and Vitamins","Vitamin A Metabolism",0.0916585614680234,-0.163946308627494,0.335730136364891,0.482337911223496,0.987519423912982,""
"77","riboflavin (Vitamin B2)","Cofactors and Vitamins","Riboflavin Metabolism",-0.0815876424224994,-0.326696256418944,0.17380397935215,0.531918162823518,0.987519423912982,""
"78","salicylate","Xenobiotics","Drug - Topical Agents",0.283891860439627,0.0345404104855328,0.499969827425119,0.0266072371981758,0.841634979113175,""
"79","serine","Amino Acid","Glycine, Serine and Threonine Metabolism",-0.156835461015484,-0.393129767207057,0.0988909175833899,0.227405262772748,0.987519423912982,""
"80","serotonin","Amino Acid","Tryptophan Metabolism",-0.0406062723405798,-0.28946706542447,0.213396553436677,0.756019377103052,0.996044105356003,""
"81","taurine","Amino Acid","Methionine, Cysteine, SAM and Taurine Metabolism",0.111791389169249,-0.144085558616609,0.353656214076157,0.391031144289842,0.987519423912982,""
"82","myristate (14:0)","Lipid","Long Chain Saturated Fatty Acid",0.016171713294931,-0.236612600419576,0.266905513541463,0.901552668493534,0.996044105356003,""
"83","urea","Amino Acid","Urea cycle; Arginine and Proline Metabolism",-0.0485667480245663,-0.296758101498681,0.205770588810397,0.710123210109815,0.996044105356003,""
"84","uridine","Nucleotide","Pyrimidine Metabolism, Uracil containing",0.0359874927438574,-0.217807100673793,0.285223423836501,0.783050635496323,0.996044105356003,""
"85","2'-deoxyuridine","Nucleotide","Pyrimidine Metabolism, Uracil containing",0.0299067252488118,-0.223597959869668,0.279621596630401,0.819026009669215,0.996044105356003,""
"86","trans-urocanate","Amino Acid","Histidine Metabolism",0.151785591624739,-0.104010724310771,0.388747334608921,0.242912067992401,0.987519423912982,""
"87","glutamate","Amino Acid","Glutamate Metabolism",0.286185684083179,0.0370338841797447,0.501840068718257,0.0253561938657567,0.841634979113175,""
"88","glutamine","Amino Acid","Glutamate Metabolism",-0.218478656455825,-0.445774041421358,0.0352832788071551,0.0907271492317019,0.987519423912982,""
"89","threonine","Amino Acid","Glycine, Serine and Threonine Metabolism",-0.139871480963461,-0.378365235435006,0.116036353088066,0.282317892672362,0.987519423912982,""
"90","tryptophan","Amino Acid","Tryptophan Metabolism",-0.0302817557316008,-0.279967581191932,0.223241326545731,0.816795636531527,0.996044105356003,""
"91","valine","Amino Acid","Leucine, Isoleucine and Valine Metabolism",0.00946796198702102,-0.24293198253368,0.26066721061419,0.942268518806239,0.996044105356003,""
"92","glucose","Carbohydrate","Glycolysis, Gluconeogenesis, and Pyruvate Metabolism",0.167908205288713,-0.0876172328693906,0.402701605587765,0.195844994152019,0.987519423912982,""
"93","alpha-ketobutyrate","Amino Acid","Methionine, Cysteine, SAM and Taurine Metabolism",-0.0935479771700943,-0.337420004888051,0.162091196124718,0.473316943789079,0.987519423912982,""
"94","adenosine","Nucleotide","Purine Metabolism, Adenine containing",0.147350031832527,-0.108496558089746,0.38488915323355,0.257117251088295,0.987519423912982,""
"95","betaine","Amino Acid","Glycine, Serine and Threonine Metabolism",-0.0997624373841992,-0.342967071624943,0.155976789627314,0.444294497012201,0.987519423912982,""
"96","cysteine","Amino Acid","Methionine, Cysteine, SAM and Taurine Metabolism",0.121069359261631,-0.13486305426064,0.361857857141338,0.352658571194877,0.987519423912982,""
"97","mannose","Carbohydrate","Fructose, Mannose and Galactose Metabolism",0.109178811317639,-0.146674522031039,0.351339988231986,0.402266137809184,0.987519423912982,""
"98","dimethylglycine","Amino Acid","Glycine, Serine and Threonine Metabolism",0.217990898848597,-0.0357947814035057,0.445363569804027,0.0914680151447141,0.987519423912982,""
"99","alanine","Amino Acid","Alanine and Aspartate Metabolism",-0.151874198919055,-0.388824323286373,0.103921006561946,0.242633886868773,0.987519423912982,""
"100","tyrosine","Amino Acid","Tyrosine Metabolism",-0.0169443623976851,-0.267623168893529,0.235882875114521,0.896874092753127,0.996044105356003,""
"101","malonate","Lipid","Fatty Acid Synthesis",0.112426864061423,-0.143455297541541,0.354219157149442,0.388326727638332,0.987519423912982,""
"102","pseudouridine","Nucleotide","Pyrimidine Metabolism, Uracil containing",0.176907942089654,-0.0784056993649811,0.410443784520049,0.172600318801234,0.987519423912982,""
"103","pyruvate","Carbohydrate","Glycolysis, Gluconeogenesis, and Pyruvate Metabolism",-0.0910932079073394,-0.335224186024094,0.164501046746744,0.485054765394306,0.987519423912982,""
"104","uracil","Nucleotide","Pyrimidine Metabolism, Uracil containing",0.0355876678513996,-0.21818841304455,0.284855612654446,0.785403154189957,0.996044105356003,""
"105","cytidine","Nucleotide","Pyrimidine Metabolism, Cytidine containing",0.113473431443915,-0.14241686423189,0.355145889656632,0.383897078170117,0.987519423912982,""
"106","cotinine","Xenobiotics","Tobacco Metabolite",-0.162092269924452,-0.397680412229663,0.0935468840468881,0.212007818763832,0.987519423912982,""
"107","caffeine","Xenobiotics","Xanthine Metabolism",0.0523656710065684,-0.202120381349907,0.300227382968312,0.688565126238155,0.996044105356003,""
"108","fructose","Carbohydrate","Fructose, Mannose and Galactose Metabolism",0.133405638932125,-0.122531459481822,0.372705592007378,0.305379071201474,0.987519423912982,""
"109","adenine","Nucleotide","Purine Metabolism, Adenine containing",-0.103192605127413,-0.346021613304889,0.15259343262194,0.42870914149487,0.987519423912982,""
"110","caprate (10:0)","Lipid","Medium Chain Fatty Acid",0.0697468888889579,-0.185328913984044,0.316017192581026,0.593256929774041,0.996044105356003,""
"111","margarate (17:0)","Lipid","Long Chain Saturated Fatty Acid",-0.00835360404572257,-0.259628186401465,0.243980374689948,0.949053779405132,0.996044105356003,""
"112","nonadecanoate (19:0)","Lipid","Long Chain Saturated Fatty Acid",-0.0339581833122424,-0.283355840313341,0.219741648888372,0.795010387788098,0.996044105356003,""
"113","arachidate (20:0)","Lipid","Long Chain Saturated Fatty Acid",-0.020155632471224,-0.270602897706726,0.232846945944261,0.877468250608622,0.996044105356003,""
"114","maltose","Carbohydrate","Glycogen Metabolism",0.171085873221633,-0.0843697659588357,0.405439091583912,0.187395318444345,0.987519423912982,""
"115","asparagine","Amino Acid","Alanine and Aspartate Metabolism",-0.15826413803164,-0.394367672032675,0.0974399931823542,0.223145821597051,0.987519423912982,""
"116","N-stearoyl-sphinganine (d18:0/18:0)*","Lipid","Dihydroceramides",0.250969188896436,-0.000908998096565119,0.472902825595458,0.051065493114732,0.841634979113175,""
"117","dihydroorotate","Nucleotide","Pyrimidine Metabolism, Orotate containing",-0.268519135791443,-0.487383633335701,-0.0179094074111725,0.0364017590944305,0.841634979113175,""
"118","pentadecanoate (15:0)","Lipid","Long Chain Saturated Fatty Acid",-0.0465727315710256,-0.294934484922641,0.2076837178502,0.721531243147669,0.996044105356003,""
"119","hydroxyproline","Amino Acid","Urea cycle; Arginine and Proline Metabolism",-0.0989022492996695,-0.342200272359537,0.15682429883763,0.448251677181019,0.987519423912982,""
"120","allantoin","Nucleotide","Purine Metabolism, (Hypo)Xanthine/Inosine containing",0.177261766239296,-0.0780426555657317,0.410747481537401,0.171729447306901,0.987519423912982,""
"121","xanthine","Nucleotide","Purine Metabolism, (Hypo)Xanthine/Inosine containing",0.00338811240477168,-0.248644769557242,0.254991293603925,0.979325435253575,0.996044105356003,""
"122","5-oxoproline","Amino Acid","Glutathione Metabolism",-0.206511881474456,-0.435675749841881,0.0477943538895963,0.110308715445247,0.987519423912982,""
"123","sarcosine","Amino Acid","Glycine, Serine and Threonine Metabolism",0.0814535745232616,-0.173934864110589,0.326575691136156,0.532594745481159,0.987519423912982,""
"124","pantothenate (Vitamin B5)","Cofactors and Vitamins","Pantothenate and CoA Metabolism",0.0323482156578476,-0.221275018928615,0.281872832215221,0.804532398325539,0.996044105356003,""
"125","pipecolate","Amino Acid","Lysine Metabolism",0.123750004199912,-0.132190152393698,0.364220603013441,0.342019689608846,0.987519423912982,""
"126","phosphoethanolamine (PE)","Lipid","Phospholipid Metabolism",0.0971946315252276,-0.158505631706495,0.340677086275605,0.456164829117258,0.987519423912982,""
"127","glycerate","Carbohydrate","Glycolysis, Gluconeogenesis, and Pyruvate Metabolism",0.253989345663095,0.00231678792168837,0.47540338641007,0.0482451240036452,0.841634979113175,""
"128","3-ureidopropionate","Nucleotide","Pyrimidine Metabolism, Uracil containing",0.251578182209656,-0.000258962753159247,0.473407333962267,0.050486212905492,0.841634979113175,""
"129","N-acetylleucine","Amino Acid","Leucine, Isoleucine and Valine Metabolism",0.0414334731017724,-0.212605551359802,0.290226049278601,0.751207748529174,0.996044105356003,""
"130","N-acetylmethionine","Amino Acid","Methionine, Cysteine, SAM and Taurine Metabolism",0.0761338805193718,-0.179120982077925,0.321785322339174,0.559778492519118,0.996044105356003,""
"131","N-acetylvaline","Amino Acid","Leucine, Isoleucine and Valine Metabolism",0.00981992846309111,-0.242600728571157,0.260995262288234,0.940126240568668,0.996044105356003,""
"132","erucate (22:1n9)","Lipid","Long Chain Monounsaturated Fatty Acid",0.0397633906078222,-0.214202207878918,0.288693371738394,0.76093171771746,0.996044105356003,""
"133","bilirubin","Cofactors and Vitamins","Hemoglobin and Porphyrin Metabolism",-0.107407831330937,-0.349768207918907,0.148427503455286,0.40998805970351,0.987519423912982,""
"134","thyroxine","Amino Acid","Tyrosine Metabolism",0.028284837588104,-0.225139504518442,0.278124576246238,0.828687884484735,0.996044105356003,""
"135","gamma-glutamyltyrosine","Peptide","Gamma-glutamyl Amino Acid",0.0453494375235812,-0.20885642701517,0.293814832038774,0.728560048189123,0.996044105356003,""
"136","alpha-tocopherol","Cofactors and Vitamins","Tocopherol Metabolism",-0.250989339135588,-0.472919520987427,0.00088749327206824,0.0510462396559369,0.841634979113175,""
"137","N-acetylalanine","Amino Acid","Alanine and Aspartate Metabolism",0.210182130087554,-0.0439656314971183,0.438779074021589,0.103985336506808,0.987519423912982,""
"138","vanillylmandelate (VMA)","Amino Acid","Tyrosine Metabolism",-0.132856513641523,-0.37222411323565,0.123082061953247,0.307392121044364,0.987519423912982,""
"139","4-acetamidobutanoate","Amino Acid","Polyamine Metabolism",-0.0716114644150261,-0.317702985450405,0.183518713775085,0.58339148880817,0.996044105356003,""
"140","3-aminoisobutyrate","Nucleotide","Pyrimidine Metabolism, Thymine containing",0.083001868468607,-0.172422781127316,0.327967563316292,0.52480711933579,0.987519423912982,""
"141","chenodeoxycholate","Lipid","Primary Bile Acid Metabolism",-0.153058277293272,-0.38985282209195,0.10272168930172,0.238937430603374,0.987519423912982,""
"142","citrate","Energy","TCA Cycle",0.0647315087617933,-0.190189458459579,0.311474976284759,0.620155165322106,0.996044105356003,""
"143","2-aminobutyrate","Amino Acid","Glutathione Metabolism",-0.0230273048111177,-0.273263456544135,0.230127888953826,0.860174828697601,0.996044105356003,""
"144","urate","Nucleotide","Purine Metabolism, (Hypo)Xanthine/Inosine containing",0.15005132753676,-0.105765885020189,0.387239809095004,0.248400771424402,0.987519423912982,""
"145","ursodeoxycholate","Lipid","Secondary Bile Acid Metabolism",-0.166728025870827,-0.401683838084692,0.0888219539068545,0.199051430066643,0.987519423912982,""
"146","oleoyl ethanolamide","Lipid","Endocannabinoid",-0.0299736457675248,-0.279683338943016,0.22353432711898,0.818627916279838,0.996044105356003,""
"147","gamma-glutamylglutamine","Peptide","Gamma-glutamyl Amino Acid",0.0151448349864276,-0.237581990295279,0.265951293320103,0.907775796738359,0.996044105356003,""
"148","4-hydroxyphenylpyruvate","Amino Acid","Tyrosine Metabolism",0.0379378302723056,-0.21594595541948,0.287016547369965,0.771603151687781,0.996044105356003,""
"149","N-acetylneuraminate","Carbohydrate","Aminosugar Metabolism",0.0583583909475789,-0.196347847176051,0.305686801603975,0.65505896811736,0.996044105356003,""
"150","acetoacetate","Lipid","Ketone Bodies",0.259249454611365,0.00794756771767212,0.479750007386907,0.0436379397882529,0.841634979113175,""
"151","creatine","Amino Acid","Creatine Metabolism",-0.00891996059406421,-0.260156328364716,0.243447618007213,0.945604787242288,0.996044105356003,""
"152","cys-gly, oxidized","Amino Acid","Glutathione Metabolism",-0.126641609258233,-0.366765825324411,0.129302720688866,0.330770423150182,0.987519423912982,""
"153","estrone 3-sulfate","Lipid","Estrogenic Steroids",0.38577389949989,0.148366337176772,0.58113935150117,0.00213728607928507,0.519427333404845,""
"154","dihomolinoleate (20:2n6)","Lipid","Long Chain Polyunsaturated Fatty Acid (n3 and n6)",0.0175406802542014,-0.23531949012609,0.268176853378828,0.893265623777228,0.996044105356003,""
"155","2-hydroxystearate","Lipid","Fatty Acid, Monohydroxy",-0.046728141030463,-0.295076678813315,0.207534682443774,0.720639915177645,0.996044105356003,""
"156","1-methyladenosine","Nucleotide","Purine Metabolism, Adenine containing",0.252508753147858,0.000734733612468133,0.474177965890211,0.0496114157735162,0.841634979113175,""
"157","glycerol","Lipid","Glycerolipid Metabolism",0.11262100822348,-0.143262704853563,0.354391107150125,0.387502719319615,0.987519423912982,""
"158","choline","Lipid","Phospholipid Metabolism",0.0972467171380795,-0.158454369750434,0.340723565274742,0.455922336828792,0.987519423912982,""
"159","gamma-glutamylleucine","Peptide","Gamma-glutamyl Amino Acid",0.199531441216557,-0.0550556315784072,0.429758469549509,0.123146770883209,0.987519423912982,""
"160","3-methoxytyrosine","Amino Acid","Tyrosine Metabolism",-0.0520836583067035,-0.299970066310126,0.202391597337929,0.690157298694579,0.996044105356003,""
"161","4-acetamidophenol","Xenobiotics","Drug - Analgesics, Anesthetics",0.132716258694631,-0.123222668936649,0.372101115579607,0.307907653711445,0.987519423912982,""
"162","beta-hydroxyisovalerate","Amino Acid","Leucine, Isoleucine and Valine Metabolism",0.0446589715546103,-0.209518018650801,0.293182563256873,0.732537211638919,0.996044105356003,""
"163","ibuprofen","Xenobiotics","Drug - Analgesics, Anesthetics",0.347968834294513,0.10538230040873,0.551466865155196,0.00599696250766412,0.667162078977633,""
"164","palmitoyl ethanolamide","Lipid","Endocannabinoid",-0.163686298132408,-0.399058023217196,0.091923490806497,0.207487391719281,0.987519423912982,""
"165","N-linoleoylglycine","Lipid","Fatty Acid Metabolism (Acyl Glycine)",-0.037059534600621,-0.286209265868894,0.216784313521413,0.776752463587822,0.996044105356003,""
"166","N-palmitoyl-sphingosine (d18:1/16:0)","Lipid","Ceramides",-0.0456673267183535,-0.294105854285406,0.2085517532634,0.726731353185391,0.996044105356003,""
"167","1-palmitoyl-2-oleoyl-GPE (16:0/18:1)","Lipid","Phosphatidylethanolamine (PE)",-0.0785237736053716,-0.323938971023056,0.176792852170836,0.547485303178261,0.996044105356003,""
"168","1-palmitoyl-2-linoleoyl-GPI (16:0/18:2)","Lipid","Phosphatidylinositol (PI)",-0.12992257045357,-0.369649416413664,0.126021230042786,0.318292407623287,0.987519423912982,""
"169","1-palmitoyl-2-linoleoyl-GPC (16:0/18:2)","Lipid","Phosphatidylcholine (PC)",-0.136171583320102,-0.375128843393168,0.119755677092097,0.295369174483226,0.987519423912982,""
"170","stearoyl sphingomyelin (d18:1/18:0)","Lipid","Sphingomyelins",-0.00753297853408288,-0.258862665353251,0.244752045358171,0.954052849881274,0.996044105356003,""
"171","1-palmitoyl-2-oleoyl-GPC (16:0/18:1)","Lipid","Phosphatidylcholine (PC)",-0.143879660306125,-0.381864721623378,0.111999013786769,0.268615603802694,0.987519423912982,""
"172","N-stearoyl-sphingosine (d18:1/18:0)*","Lipid","Ceramides",0.182965730970363,-0.0721807025409039,0.415636212056868,0.158129412128487,0.987519423912982,""
"173","glycochenodeoxycholate","Lipid","Primary Bile Acid Metabolism",0.211165794396715,-0.0429382244651491,0.439609871238841,0.10233922989677,0.987519423912982,""
"174","taurochenodeoxycholate","Lipid","Primary Bile Acid Metabolism",0.222995438762053,-0.0305402862277633,0.449570596574356,0.0840878738722389,0.987519423912982,""
"175","taurocholate","Lipid","Primary Bile Acid Metabolism",0.188027589732839,-0.0669638364715645,0.419963379130165,0.14674085936403,0.987519423912982,""
"176","taurodeoxycholate","Lipid","Secondary Bile Acid Metabolism",0.0821667255604874,-0.173238541569819,0.32721692571137,0.529000663450818,0.987519423912982,""
"177","2-hydroxyhippurate (salicylurate)","Xenobiotics","Benzoate Metabolism",0.251202686493979,-0.000659789498705284,0.473096279226801,0.0508427503269174,0.841634979113175,""
"178","3-(N-acetyl-L-cystein-S-yl) acetaminophen","Xenobiotics","Drug - Analgesics, Anesthetics",0.13976637368163,-0.116142111373438,0.378273375892426,0.282683312835775,0.987519423912982,""
"179","4-acetaminophen sulfate","Xenobiotics","Drug - Analgesics, Anesthetics",0.133530276309276,-0.122406464880868,0.372814857418636,0.304923349579552,0.987519423912982,""
"180","eicosapentaenoate (EPA; 20:5n3)","Lipid","Long Chain Polyunsaturated Fatty Acid (n3 and n6)",-0.107764304445591,-0.350084694685655,0.148074782387531,0.408426884309746,0.987519423912982,""
"181","ethylmalonate","Amino Acid","Leucine, Isoleucine and Valine Metabolism",0.135133727322341,-0.120797693785939,0.374219957599682,0.299099760088761,0.987519423912982,""
"182","carnitine","Lipid","Carnitine Metabolism",0.108214517960574,-0.147629214552129,0.350484327748839,0.40646010993531,0.987519423912982,""
"183","3-phenylpropionate (hydrocinnamate)","Xenobiotics","Benzoate Metabolism",-0.0573082644142629,-0.304731301218409,0.197360667190392,0.660884004597897,0.996044105356003,""
"184","hippurate","Xenobiotics","Benzoate Metabolism",-0.0830159910410414,-0.327980254214011,0.172408983306289,0.524736347845668,0.987519423912982,""
"185","xanthurenate","Amino Acid","Tryptophan Metabolism",0.027262814001635,-0.226110249179819,0.277180613302247,0.834789353165079,0.996044105356003,""
"186","suberate (C8-DC)","Lipid","Fatty Acid, Dicarboxylate",0.0455588426828966,-0.208655732894639,0.294006544141208,0.727355250464714,0.996044105356003,""
"187","3-methyl-2-oxovalerate","Amino Acid","Leucine, Isoleucine and Valine Metabolism",-0.0189581140422942,-0.269492284400395,0.23397965465765,0.884697143311452,0.996044105356003,""
"188","methionine sulfoxide","Amino Acid","Methionine, Cysteine, SAM and Taurine Metabolism",0.0942734403126475,-0.16137842365853,0.338068432225522,0.469877423816642,0.987519423912982,""
"189","3-methylhistidine","Amino Acid","Histidine Metabolism",0.0189517765210124,-0.233985647366191,0.269486405026071,0.884735425563942,0.996044105356003,""
"190","4-acetamidophenylglucuronide","Xenobiotics","Drug - Analgesics, Anesthetics",0.133266233234946,-0.122671255111701,0.372583371842689,0.305889312649836,0.987519423912982,""
"191","5-hydroxylysine","Amino Acid","Lysine Metabolism",-0.0259837404701622,-0.275998553389128,0.22732443795798,0.842439039375554,0.996044105356003,""
"192","glucuronate","Carbohydrate","Aminosugar Metabolism",0.350334504789442,0.108045720678257,0.553338862692033,0.00564179759820606,0.667162078977633,""
"193","glycerol 3-phosphate","Lipid","Glycerolipid Metabolism",-0.102183218067771,-0.345123295003894,0.153589667758232,0.433262931319015,0.987519423912982,""
"194","imidazole lactate","Amino Acid","Histidine Metabolism",-0.165673736911894,-0.400774145356889,0.0898975346822403,0.20194729272756,0.987519423912982,""
"195","kynurenine","Amino Acid","Tryptophan Metabolism",0.0175311347603078,-0.235328509789113,0.268167991637894,0.893323369203993,0.996044105356003,""
"196","glycerophosphorylcholine (GPC)","Lipid","Phospholipid Metabolism",-0.0477686835709279,-0.296028453321371,0.206536513132313,0.714681614041373,0.996044105356003,""
"197","maltotetraose","Carbohydrate","Glycogen Metabolism",0.135543425513214,-0.120386420508667,0.374578799119556,0.297623451653029,0.987519423912982,""
"198","maltotriose","Carbohydrate","Glycogen Metabolism",0.12073085051363,-0.135200320556101,0.361559272171047,0.354016391294381,0.987519423912982,""
"199","N-acetylglutamate","Amino Acid","Glutamate Metabolism",0.229253761040144,-0.0239496092963057,0.454817498558805,0.0755287680958021,0.987519423912982,""
"200","tartarate","Xenobiotics","Food Component/Plant",0.133116602125321,-0.122821293455369,0.372452177586255,0.306437592748267,0.987519423912982,""
"201","ribitol","Carbohydrate","Pentose Metabolism",0.126282559748468,-0.129661488158378,0.366449981371849,0.33215441296939,0.987519423912982,""
"202","2-isopropylmalate","Xenobiotics","Food Component/Plant",0.0105363775654211,-0.241926259146835,0.261662852173746,0.935766823292174,0.996044105356003,""
"203","glycodeoxycholate","Lipid","Secondary Bile Acid Metabolism",0.11208720855932,-0.143792192129623,0.353918291038254,0.38977082993731,0.987519423912982,""
"204","theophylline","Xenobiotics","Xanthine Metabolism",0.0886861605314377,-0.166861089597473,0.3330684764215,0.496711844357512,0.987519423912982,""
"205","quinate","Xenobiotics","Food Component/Plant",0.0714710981070054,-0.183655046931233,0.317576132130612,0.584131565458027,0.996044105356003,""
"206","theobromine","Xenobiotics","Xanthine Metabolism",0.121999588843634,-0.133935933467876,0.362678120955255,0.348943814261507,0.987519423912982,""
"207","gentisate","Amino Acid","Tyrosine Metabolism",0.0401860614675385,-0.213798248176935,0.28908138825408,0.758467191552354,0.996044105356003,""
"208","paraxanthine","Xenobiotics","Xanthine Metabolism",-0.00458050857409124,-0.256105837925803,0.247525743213877,0.972051849857165,0.996044105356003,""
"209","indolelactate","Amino Acid","Tryptophan Metabolism",-0.000850195688911728,-0.252616850200835,0.251024286832525,0.994811499765079,0.998329303181872,""
"210","3-indoxyl sulfate","Amino Acid","Tryptophan Metabolism",0.0182916494924977,-0.234609752865546,0.268873897057766,0.88872439003395,0.996044105356003,""
"211","gamma-glutamylphenylalanine","Peptide","Gamma-glutamyl Amino Acid",0.0353289940925195,-0.218435068525977,0.284617611617829,0.78692617708107,0.996044105356003,""
"212","4-methyl-2-oxopentanoate","Amino Acid","Leucine, Isoleucine and Valine Metabolism",0.102612771615961,-0.153165774672459,0.345505636677469,0.431321702754224,0.987519423912982,""
"213","1,5-anhydroglucitol (1,5-AG)","Carbohydrate","Glycolysis, Gluconeogenesis, and Pyruvate Metabolism",-0.11471378214513,-0.356243601993182,0.14118542387424,0.378686436137004,0.987519423912982,""
"214","2-arachidonoylglycerol (20:4)","Lipid","Monoacylglycerol",0.0429931830584683,-0.211113188738397,0.291656283392407,0.742161016096171,0.996044105356003,""
"215","1-stearoyl-2-arachidonoyl-GPI (18:0/20:4)","Lipid","Phosphatidylinositol (PI)",-0.0129904282630561,-0.263947725822859,0.239614150740939,0.920849516669023,0.996044105356003,""
"216","sphingosine 1-phosphate","Lipid","Sphingosines",0.055061902262014,-0.199525401870759,0.302685683623576,0.673411581627164,0.996044105356003,""
"217","1-oleoyl-GPS (18:1)","Lipid","Lysophospholipid",-0.0950409615844238,-0.338754199714427,0.160624038330023,0.466253200496422,0.987519423912982,""
"218","1-stearoyl-2-oleoyl-GPS (18:0/18:1)","Lipid","Phosphatidylserine (PS)",0.00755431908939065,-0.244731981931644,0.258882576903619,0.953922824760951,0.996044105356003,""
"219","1-stearoyl-GPI (18:0)","Lipid","Lysophospholipid",-0.146929783012112,-0.384523177316094,0.108921030468744,0.258491662165872,0.987519423912982,""
"220","1,2-dipalmitoyl-GPC (16:0/16:0)","Lipid","Phosphatidylcholine (PC)",-0.282597500275536,-0.498913596329,-0.0331347604316507,0.0273358210233618,0.841634979113175,""
"221","docosahexaenoate (DHA; 22:6n3)","Lipid","Long Chain Polyunsaturated Fatty Acid (n3 and n6)",-0.0761285908491754,-0.321780552739525,0.179126131875786,0.559805845639641,0.996044105356003,""
"222","1-myristoyl-2-palmitoyl-GPC (14:0/16:0)","Lipid","Phosphatidylcholine (PC)",0.0221697569139115,-0.230940276515218,0.272469352764383,0.865332586010073,0.996044105356003,""
"223","alpha-hydroxyisocaproate","Amino Acid","Leucine, Isoleucine and Valine Metabolism",0.0362018308385258,-0.217602654864893,0.285420569804418,0.781790291314473,0.996044105356003,""
"224","maleate","Lipid","Fatty Acid, Dicarboxylate",0.0829045127709601,-0.172517895383915,0.327880074639411,0.525295120871098,0.987519423912982,""
"225","4-acetylphenyl sulfate","Xenobiotics","Benzoate Metabolism",0.0187586443317062,-0.234168262375569,0.26930722563512,0.885902179756665,0.996044105356003,""
"226","2-hydroxyoctanoate","Lipid","Fatty Acid, Monohydroxy",0.156483508596384,-0.099248183764537,0.392824679670221,0.22846318038817,0.987519423912982,""
"227","3-hydroxyoctanoate","Lipid","Fatty Acid, Monohydroxy",0.0987053468085632,-0.157018246095583,0.342024701568456,0.449160235897096,0.987519423912982,""
"228","phenyllactate (PLA)","Amino Acid","Phenylalanine Metabolism",-0.0611165713280537,-0.308194074036896,0.193685062154741,0.639857213577777,0.996044105356003,""
"229","palmitoylcarnitine (C16)","Lipid","Fatty Acid Metabolism (Acyl Carnitine, Long Chain Saturated)",0.0670406394942553,-0.187953166851705,0.313567659224499,0.607706484314523,0.996044105356003,""
"230","hexanoylcarnitine (C6)","Lipid","Fatty Acid Metabolism (Acyl Carnitine, Medium Chain)",0.198091551489206,-0.0565501082782898,0.428535417878103,0.125930954021796,0.987519423912982,""
"231","N-acetylaspartate (NAA)","Amino Acid","Alanine and Aspartate Metabolism",0.237275594079565,-0.0154694592715081,0.461520085473327,0.0655872724167922,0.971901767872883,""
"232","dehydroepiandrosterone sulfate (DHEA-S)","Lipid","Androgenic Steroids",0.157856825089733,-0.0978537596057682,0.394014835160272,0.224354470304482,0.987519423912982,""
"233","acetylcarnitine (C2)","Lipid","Fatty Acid Metabolism (Acyl Carnitine, Short Chain)",0.149617326280618,-0.106204866460139,0.386862350875169,0.249787443510293,0.987519423912982,""
"234","cysteine s-sulfate","Amino Acid","Methionine, Cysteine, SAM and Taurine Metabolism",0.0266714804981823,-0.226671683431997,0.276634224557771,0.838324061749726,0.996044105356003,""
"235","tartronate (hydroxymalonate)","Xenobiotics","Food Component/Plant",0.112021991413969,-0.143856872366114,0.353860516103276,0.390048475238395,0.987519423912982,""
"236","oxalate (ethanedioate)","Cofactors and Vitamins","Ascorbate and Aldarate Metabolism",0.252120840051077,0.000320445926496102,0.473856765438461,0.0499745618164943,0.841634979113175,""
"237","erythritol","Xenobiotics","Food Component/Plant",-0.153132515812924,-0.389917286517959,0.102646470562639,0.238706969526082,0.987519423912982,""
"238","saccharin","Xenobiotics","Food Component/Plant",-0.206577697700323,-0.435731447787819,0.0477257615932452,0.110192774708597,0.987519423912982,""
"239","3-hydroxymyristate","Lipid","Fatty Acid, Monohydroxy",0.0289966486659311,-0.224463110423822,0.278781735282495,0.824444299316199,0.996044105356003,""
"240","1-oleoylglycerol (18:1)","Lipid","Monoacylglycerol",-0.0510917738512039,-0.299064755204788,0.203345198007861,0.695767809065639,0.996044105356003,""
"241","3-methyl-2-oxobutyrate","Amino Acid","Leucine, Isoleucine and Valine Metabolism",-0.104893420951516,-0.347534271952607,0.150913601030753,0.421097700113133,0.987519423912982,""
"242","2-oleoylglycerol (18:1)","Lipid","Monoacylglycerol",-0.0481873439428877,-0.296411259010342,0.20613475216292,0.71228905102793,0.996044105356003,""
"243","homoarginine","Amino Acid","Urea cycle; Arginine and Proline Metabolism",-0.111641363398847,-0.353523286373856,0.144234323201812,0.391671237258607,0.987519423912982,""
"244","homocitrulline","Amino Acid","Urea cycle; Arginine and Proline Metabolism",-0.126492919882125,-0.366635034923588,0.129451301395915,0.331343118613289,0.987519423912982,""
"245","2-linoleoylglycerol (18:2)","Lipid","Monoacylglycerol",0.112038769469026,-0.143840232647502,0.353875379718272,0.389977035774287,0.987519423912982,""
"246","3-hydroxydecanoate","Lipid","Fatty Acid, Monohydroxy",0.0401673772684856,-0.213816107082971,0.289064237680537,0.758576085832026,0.996044105356003,""
"247","citramalate","Amino Acid","Glutamate Metabolism",0.138632650148483,-0.117282488112406,0.37728224838631,0.286644711994517,0.987519423912982,""
"248","EDTA","Xenobiotics","Chemical",-0.0554674574272429,-0.303055165477652,0.199134767349647,0.671143205706057,0.996044105356003,""
"249","N-acetylglycine","Amino Acid","Glycine, Serine and Threonine Metabolism",0.0802776787371811,-0.175082454391977,0.325517883492844,0.538547105397948,0.992353879511746,""
"250","ribonate","Carbohydrate","Pentose Metabolism",0.137385336736386,-0.118536342097686,0.376191186010881,0.291045007592262,0.987519423912982,""
"251","threonate","Cofactors and Vitamins","Ascorbate and Aldarate Metabolism",0.237217034135936,-0.0155314969886257,0.461471248706934,0.0656558339257424,0.971901767872883,""
"252","galactonate","Carbohydrate","Fructose, Mannose and Galactose Metabolism",-0.0337280877149136,-0.283143962726949,0.219960874003361,0.796369481846424,0.996044105356003,""
"253","beta-sitosterol","Lipid","Sterol",0.00723189441914875,-0.245035088023477,0.258581719646555,0.955887440140917,0.996044105356003,""
"254","indoleacetate","Amino Acid","Tryptophan Metabolism",0.0219659054853122,-0.231133340780946,0.272280532734712,0.866559489827403,0.996044105356003,""
"255","1-linoleoylglycerol (18:2)","Lipid","Monoacylglycerol",-0.0113480076728893,-0.262418841878067,0.241161890901466,0.930830525576312,0.996044105356003,""
"256","1-methylhistidine","Amino Acid","Histidine Metabolism",0.0652496715682123,-0.189687870661525,0.311944777144974,0.617352302241215,0.996044105356003,""
"257","butyrylcarnitine (C4)","Lipid","Fatty Acid Metabolism (also BCAA Metabolism)",-0.0731774449169173,-0.319117612750552,0.181997062839157,0.575163939382851,0.996044105356003,""
"258","isobutyrylcarnitine (C4)","Amino Acid","Leucine, Isoleucine and Valine Metabolism",0.0938525808617988,-0.161791953413495,0.33769229137457,0.471871135002622,0.987519423912982,""
"259","7-ketodeoxycholate","Lipid","Secondary Bile Acid Metabolism",0.0709174736846194,-0.18419266835566,0.317075718926926,0.587054674552766,0.996044105356003,""
"260","glycolithocholate","Lipid","Secondary Bile Acid Metabolism",-0.195699878786365,-0.426502047506986,0.059029931260609,0.1306607283884,0.987519423912982,""
"261","androsterone sulfate","Lipid","Androgenic Steroids",0.16982450451051,-0.0856594910820342,0.404352955049451,0.190717446576169,0.987519423912982,""
"262","indolepropionate","Amino Acid","Tryptophan Metabolism",-0.0919259772285732,-0.335969404980429,0.163683857706572,0.481055635720335,0.987519423912982,""
"263","N-(2-furoyl)glycine","Xenobiotics","Food Component/Plant",0.0200889045673238,-0.232910080597233,0.270541029847816,0.877870801424424,0.996044105356003,""
"264","trigonelline (N'-methylnicotinate)","Cofactors and Vitamins","Nicotinate and Nicotinamide Metabolism",0.0501616589458546,-0.204238974911787,0.298215416541454,0.701043714232747,0.996044105356003,""
"265","dodecanedioate (C12)","Lipid","Fatty Acid, Dicarboxylate",0.175613549829829,-0.0797332430517554,0.409332330373778,0.175813639924933,0.987519423912982,""
"266","N-acetyltyrosine","Amino Acid","Tyrosine Metabolism",-0.0405777741518741,-0.289440911823325,0.213423798598824,0.756185309802412,0.996044105356003,""
"267","1,3-dimethylurate","Xenobiotics","Xanthine Metabolism",0.0890232636533347,-0.166530745620011,0.333370534009861,0.495070576998924,0.987519423912982,""
"268","3-methylxanthine","Xenobiotics","Xanthine Metabolism",0.148391608521184,-0.107444111101648,0.385795893947235,0.253732136654898,0.987519423912982,""
"269","3-hydroxylaurate","Lipid","Fatty Acid, Monohydroxy",0.0614233466575571,-0.193388664883293,0.308472730471064,0.63817533741568,0.996044105356003,""
"270","pyridoxate","Cofactors and Vitamins","Vitamin B6 Metabolism",0.0400024908125903,-0.213973703039048,0.288912878411595,0.759537270574642,0.996044105356003,""
"271","gamma-glutamylvaline","Peptide","Gamma-glutamyl Amino Acid",0.104171592516891,-0.151626704220898,0.346892451886801,0.424318524239253,0.987519423912982,""
"272","3-hydroxysebacate","Lipid","Fatty Acid, Monohydroxy",0.0550336726469259,-0.199552589887561,0.302659962204616,0.673569585318531,0.996044105356003,""
"273","5-hydroxyhexanoate","Lipid","Fatty Acid, Monohydroxy",0.0771968285382825,-0.178085857212787,0.322743510375082,0.554294795506015,0.996044105356003,""
"274","propionylglycine (C3)","Lipid","Fatty Acid Metabolism (also BCAA Metabolism)",-0.280931071937375,-0.497552801159933,-0.0313265035704688,0.0282984664655328,0.841634979113175,""
"275","butyrylglycine (C4)","Lipid","Fatty Acid Metabolism (also BCAA Metabolism)",0.0335148735410155,-0.220163992358974,0.282947608229102,0.797629400729015,0.996044105356003,""
"276","propionylcarnitine (C3)","Lipid","Fatty Acid Metabolism (also BCAA Metabolism)",0.00330677904072505,-0.248721073861163,0.254915246151554,0.979821634338475,0.996044105356003,""
"277","prolylhydroxyproline","Amino Acid","Urea cycle; Arginine and Proline Metabolism",-0.115594729635762,-0.357022837225561,0.140310323653994,0.375011520755739,0.987519423912982,""
"278","3-hydroxy-2-ethylpropionate","Amino Acid","Leucine, Isoleucine and Valine Metabolism",0.0349712620868608,-0.218776126476194,0.284288418239193,0.789033744543299,0.996044105356003,""
"279","3-carboxy-4-methyl-5-propyl-2-furanpropanoate (CMPF)","Lipid","Fatty Acid, Dicarboxylate",-0.0654960224654991,-0.312168092948508,0.189449353364221,0.616021631723971,0.996044105356003,""
"280","docosapentaenoate (DPA; 22:5n3)","Lipid","Long Chain Polyunsaturated Fatty Acid (n3 and n6)",-0.0519362696967808,-0.299835570265776,0.202533327719966,0.690989949995778,0.996044105356003,""
"281","docosadienoate (22:2n6)","Lipid","Long Chain Polyunsaturated Fatty Acid (n3 and n6)",0.154479503536158,-0.10128118947049,0.391086529621573,0.234551997546846,0.987519423912982,""
"282","adrenate (22:4n6)","Lipid","Long Chain Polyunsaturated Fatty Acid (n3 and n6)",-0.0833113804989767,-0.328245678323919,0.172120363412914,0.523257174906997,0.987519423912982,""
"283","docosatrienoate (22:3n3)","Lipid","Long Chain Polyunsaturated Fatty Acid (n3 and n6)",-0.00587659878477004,-0.257316548031131,0.246308639918367,0.9641483208812,0.996044105356003,""
"284","10-undecenoate (11:1n1)","Lipid","Medium Chain Fatty Acid",0.138903652117268,-0.117009957148265,0.377519214347239,0.285694485546923,0.987519423912982,""
"285","myristoleate (14:1n5)","Lipid","Long Chain Monounsaturated Fatty Acid",-0.0414129414193585,-0.290207214573243,0.212625188596627,0.751327063262107,0.996044105356003,""
"286","1-methyl-4-imidazoleacetate","Amino Acid","Histidine Metabolism",-0.129527263385789,-0.369302231029891,0.126416897891815,0.319779693029708,0.987519423912982,""
"287","sebacate (C10-DC)","Lipid","Fatty Acid, Dicarboxylate",0.0976327547414471,-0.158074393785765,0.341068011818975,0.454127285630645,0.987519423912982,""
"288","guanidinosuccinate","Amino Acid","Guanidino and Acetamido Metabolism",-0.0558269657633003,-0.30338263404792,0.198788417898732,0.669134819048379,0.996044105356003,""
"289","delta-tocopherol","Cofactors and Vitamins","Tocopherol Metabolism",0.0224336199712499,-0.230690346642872,0.272713730718968,0.863744965036094,0.996044105356003,""
"290","stearidonate (18:4n3)","Lipid","Long Chain Polyunsaturated Fatty Acid (n3 and n6)",0.0327470142767172,-0.220895310805878,0.282240293316969,0.802171047534063,0.996044105356003,""
"291","5-dodecenoate (12:1n7)","Lipid","Medium Chain Fatty Acid",0.131936417001613,-0.124004280645819,0.371417074038726,0.310784264098928,0.987519423912982,""
"292","octanoylcarnitine (C8)","Lipid","Fatty Acid Metabolism (Acyl Carnitine, Medium Chain)",0.115860281626216,-0.140046455811217,0.357257663274005,0.373907984098158,0.987519423912982,""
"293","decanoylcarnitine (C10)","Lipid","Fatty Acid Metabolism (Acyl Carnitine, Medium Chain)",0.0718198791357373,-0.18331626933792,0.317891319950136,0.58229341537761,0.996044105356003,""
"294","N-acetylglutamine","Amino Acid","Glutamate Metabolism",-0.0823975855932303,-0.327424456727162,0.173013074508336,0.527839775346881,0.987519423912982,""
"295","N-acetyltryptophan","Amino Acid","Tryptophan Metabolism",0.100954850490239,-0.154801329177589,0.344029491130141,0.438841231606277,0.987519423912982,""
"296","N-acetylphenylalanine","Amino Acid","Phenylalanine Metabolism",0.0121757177055071,-0.240382056290037,0.263189491868346,0.925799100406747,0.996044105356003,""
"297","1-palmitoyl-GPC (16:0)","Lipid","Lysophospholipid",-0.320172860342986,-0.529316813880479,-0.074346385375885,0.0118864402378912,0.73979830650654,""
"298","N-acetylarginine","Amino Acid","Urea cycle; Arginine and Proline Metabolism",-0.0968498881614639,-0.340369421860903,0.158844888711847,0.45777161343912,0.987519423912982,""
"299","piperine","Xenobiotics","Food Component/Plant",-0.149548054092161,-0.386802096325025,0.106274924322625,0.250009260900095,0.987519423912982,""
"300","campesterol","Lipid","Sterol",0.0329037681500492,-0.220746039688433,0.282384709461214,0.801243363093677,0.996044105356003,""
"301","myristoylcarnitine (C14)","Lipid","Fatty Acid Metabolism (Acyl Carnitine, Long Chain Saturated)",0.143842232645081,-0.112036752851924,0.38183207558062,0.268741458238411,0.987519423912982,""
"302","1-stearoyl-GPC (18:0)","Lipid","Lysophospholipid",-0.292152988423033,-0.506696010025989,-0.0435351373812912,0.0223318261110476,0.841634979113175,""
"303","1-oleoyl-GPC (18:1)","Lipid","Lysophospholipid",-0.209068898221768,-0.437838373142171,0.0451277197513992,0.105872907735964,0.987519423912982,""
"304","N-acetylthreonine","Amino Acid","Glycine, Serine and Threonine Metabolism",0.032806592218221,-0.220838578259019,0.282295183350842,0.801818427485584,0.996044105356003,""
"305","N-acetylisoleucine","Amino Acid","Leucine, Isoleucine and Valine Metabolism",-0.0713220686587599,-0.31744144002447,0.183799783567673,0.584917783906327,0.996044105356003,""
"306","10-nonadecenoate (19:1n9)","Lipid","Long Chain Monounsaturated Fatty Acid",-0.00653951974452772,-0.257935494003023,0.245685811378868,0.960107122329013,0.996044105356003,""
"307","10-heptadecenoate (17:1n7)","Lipid","Long Chain Monounsaturated Fatty Acid",0.00717662597533242,-0.245087040021416,0.258530143285974,0.95622423134264,0.996044105356003,""
"308","hyocholate","Lipid","Secondary Bile Acid Metabolism",-0.082972767773808,-0.327941412423421,0.172451212329691,0.524952964689505,0.987519423912982,""
"309","epiandrosterone sulfate","Lipid","Androgenic Steroids",0.185909844456133,-0.0691481302561523,0.418154291216967,0.151428782577674,0.987519423912982,""
"310","N-acetylhistidine","Amino Acid","Histidine Metabolism",-0.0392723220279772,-0.2882424626464,0.214671428341129,0.763798029603028,0.996044105356003,""
"311","gamma-glutamylglycine","Peptide","Gamma-glutamyl Amino Acid",0.0754104339319005,-0.179825169058329,0.321132887905021,0.563525317704156,0.996044105356003,""
"312","gamma-glutamyltryptophan","Peptide","Gamma-glutamyl Amino Acid",0.0716363471148489,-0.1834945450069,0.317725471787049,0.583260340052658,0.996044105356003,""
"313","stachydrine","Xenobiotics","Food Component/Plant",0.00530921196670422,-0.246841546695353,0.256786635019335,0.967607855306555,0.996044105356003,""
"314","alpha-hydroxyisovalerate","Amino Acid","Leucine, Isoleucine and Valine Metabolism",0.110228528266142,-0.145634714292837,0.352270989226319,0.397729506244852,0.987519423912982,""
"315","gamma-glutamylmethionine","Peptide","Gamma-glutamyl Amino Acid",-0.138958671293925,-0.377567319672581,0.116954622845741,0.285501822938535,0.987519423912982,""
"316","p-cresol sulfate","Xenobiotics","Benzoate Metabolism",-0.0365769607835962,-0.285765559706796,0.217244784578432,0.779585808764473,0.996044105356003,""
"317","erythronate*","Carbohydrate","Aminosugar Metabolism",0.139784239875681,-0.116124134930789,0.378288990559782,0.282621176489497,0.987519423912982,""
"318","eicosenoate (20:1n9 or 1n11)","Lipid","Long Chain Monounsaturated Fatty Acid",0.0521339674297883,-0.202343217134466,0.300015972473148,0.689873167922219,0.996044105356003,""
"319","linolenate (18:3n3 or 3n6)","Lipid","Long Chain Polyunsaturated Fatty Acid (n3 and n6)",0.0878126341026262,-0.167716834367252,0.332285529102451,0.500977930421568,0.987519423912982,""
"320","aconitate [cis or trans]","Energy","TCA Cycle",0.207789248565451,-0.0464626799986672,0.436756427063255,0.108075241597214,0.987519423912982,""
"321","heme","Cofactors and Vitamins","Hemoglobin and Porphyrin Metabolism",-0.0389373441410917,-0.287934815821574,0.214991435496996,0.765755071442004,0.996044105356003,""
"322","stearoylcarnitine (C18)","Lipid","Fatty Acid Metabolism (Acyl Carnitine, Long Chain Saturated)",0.0452741611484269,-0.208928566739084,0.293745911028912,0.72899330533664,0.996044105356003,""
"323","laurylcarnitine (C12)","Lipid","Fatty Acid Metabolism (Acyl Carnitine, Medium Chain)",0.0836796137741338,-0.171760507673809,0.328576502564145,0.521416158272621,0.987519423912982,""
"324","isovalerylcarnitine (C5)","Amino Acid","Leucine, Isoleucine and Valine Metabolism",0.214197122915526,-0.0397687116683873,0.44216765779292,0.0973933274790618,0.987519423912982,""
"325","1-linoleoyl-GPC (18:2)","Lipid","Lysophospholipid",-0.253437311137245,-0.47494659243191,-0.001726776336207,0.0487508963225418,0.841634979113175,""
"326","7-methylxanthine","Xenobiotics","Xanthine Metabolism",0.104179766338928,-0.15161863069184,0.346899720984888,0.424281973989985,0.987519423912982,""
"327","1,3,7-trimethylurate","Xenobiotics","Xanthine Metabolism",0.0560297474495774,-0.198593030460516,0.303567317824049,0.668002998196234,0.996044105356003,""
"328","3,7-dimethylurate","Xenobiotics","Xanthine Metabolism",0.147311642110819,-0.108535337505755,0.38485572444031,0.257242598032596,0.987519423912982,""
"329","1,7-dimethylurate","Xenobiotics","Xanthine Metabolism",0.0685939869247348,-0.186447329221764,0.314974056681246,0.5993939127382,0.996044105356003,""
"330","1-methylurate","Xenobiotics","Xanthine Metabolism",0.0671934484799491,-0.187805084738954,0.313706060137887,0.606886524767624,0.996044105356003,""
"331","5-acetylamino-6-amino-3-methyluracil","Xenobiotics","Xanthine Metabolism",0.100751056403319,-0.155002277219757,0.343847958200634,0.439770579787641,0.987519423912982,""
"332","indolebutyrate","Amino Acid","Tryptophan Metabolism",-0.0347605507389212,-0.28409448920135,0.218976987459535,0.790275849533628,0.996044105356003,""
"333","1-methylxanthine","Xenobiotics","Xanthine Metabolism",0.0314675474340354,-0.222113257227812,0.281061107331748,0.809753107398112,0.996044105356003,""
"334","N1-methylinosine","Nucleotide","Purine Metabolism, (Hypo)Xanthine/Inosine containing",0.158159997947419,-0.0975457916775528,0.394277466787487,0.223454411076063,0.987519423912982,""
"335","N2,N2-dimethylguanosine","Nucleotide","Purine Metabolism, Guanine containing",-0.125265518621077,-0.365555023459788,0.130677366753562,0.336094445213838,0.987519423912982,""
"336","N4-acetylcytidine","Nucleotide","Pyrimidine Metabolism, Cytidine containing",0.315363373328952,0.069024193240971,0.525455077522987,0.0132997448360726,0.73979830650654,""
"337","N6-carbamoylthreonyladenosine","Nucleotide","Purine Metabolism, Adenine containing",0.131557961493282,-0.124383480708546,0.371085016416304,0.312186483564357,0.987519423912982,""
"338","orotidine","Nucleotide","Pyrimidine Metabolism, Orotate containing",0.11468320243879,-0.141215793428347,0.356216546917829,0.378814387476032,0.987519423912982,""
"339","phenylacetylglutamine","Peptide","Acetylated Peptides",0.0569036598546222,-0.197750752842868,0.304363022326854,0.663133715935012,0.996044105356003,""
"340","4-hydroxyhippurate","Xenobiotics","Benzoate Metabolism",-0.00560032234382971,-0.257058537518829,0.246568146116441,0.965832786321998,0.996044105356003,""
"341","5,6-dihydrouridine","Nucleotide","Pyrimidine Metabolism, Uracil containing",0.324910900067132,0.079603242918204,0.533112727315369,0.0106229189903828,0.73979830650654,""
"342","1-pentadecanoylglycerol (15:0)","Lipid","Monoacylglycerol",-0.0894194778924112,-0.333725493355801,0.166142402391672,0.49314512810808,0.987519423912982,""
"343","1-arachidonylglycerol (20:4)","Lipid","Monoacylglycerol",0.014277465853894,-0.238400408915791,0.265144912907038,0.913036576738095,0.996044105356003,""
"344","1-linolenoylglycerol (18:3)","Lipid","Monoacylglycerol",-0.216422223260458,-0.444042805132317,0.0374389221779294,0.0938828659705084,0.987519423912982,""
"345","cysteine-glutathione disulfide","Amino Acid","Glutathione Metabolism",0.212888850066193,-0.0411372497994871,0.441064212684643,0.0995045629069051,0.987519423912982,""
"346","1-palmitoyl-GPA (16:0)","Lipid","Lysophospholipid",-0.121537001876577,-0.362270264658139,0.134397030495493,0.350788061107985,0.987519423912982,""
"347","5-methyluridine (ribothymidine)","Nucleotide","Pyrimidine Metabolism, Uracil containing",-0.0939825999663491,-0.337808503557847,0.161664208307562,0.471254719172684,0.987519423912982,""
"348","isovalerylglycine","Amino Acid","Leucine, Isoleucine and Valine Metabolism",-0.0106325644095746,-0.26175246113358,0.241835689702642,0.935181689929174,0.996044105356003,""
"349","3-hydroxydodecanedioate*","Lipid","Fatty Acid, Dicarboxylate",-0.00845967797691875,-0.259727114495579,0.243880605327866,0.94840773879853,0.996044105356003,""
"350","7-methylguanine","Nucleotide","Purine Metabolism, Guanine containing",0.152756207371287,-0.103027717486155,0.389590498150731,0.239876733184323,0.987519423912982,""
"351","1-stearoyl-GPE (18:0)","Lipid","Lysophospholipid",-0.173078920282981,-0.407153912356798,0.0823301676798527,0.182231318181757,0.987519423912982,""
"352","1-stearoyl-GPG (18:0)","Lipid","Lysophospholipid",0.0288381878018589,-0.224613708019956,0.278635461101015,0.825388563250791,0.996044105356003,""
"353","N1-Methyl-2-pyridone-5-carboxamide","Cofactors and Vitamins","Nicotinate and Nicotinamide Metabolism",-0.129653931953513,-0.36941348721487,0.12629012258493,0.319302639520285,0.987519423912982,""
"354","N1-Methyl-4-pyridone-3-carboxamide","Cofactors and Vitamins","Nicotinate and Nicotinamide Metabolism",0.100061339907225,-0.155682204643317,0.34323344706583,0.442923997983857,0.987519423912982,""
"355","mead acid (20:3n9)","Lipid","Long Chain Polyunsaturated Fatty Acid (n3 and n6)",-0.059128573660539,-0.306387267186064,0.195604680121783,0.650799714873172,0.996044105356003,""
"356","gamma-glutamylisoleucine*","Peptide","Gamma-glutamyl Amino Acid",0.1268167814969,-0.129127661727476,0.3669198984481,0.330096526760506,0.987519423912982,""
"357","oleoylcarnitine (C18:1)","Lipid","Fatty Acid Metabolism (Acyl Carnitine, Monounsaturated)",0.0566113336319341,-0.198032538997574,0.304096895306751,0.664760974499285,0.996044105356003,""
"358","2-methylbutyrylcarnitine (C5)","Amino Acid","Leucine, Isoleucine and Valine Metabolism",0.142031396344364,-0.113861774244499,0.380251875208555,0.274877734516169,0.987519423912982,""
"359","phenol sulfate","Amino Acid","Tyrosine Metabolism",-0.0663480102660257,-0.312940205344037,0.188624225505643,0.611429091935597,0.996044105356003,""
"360","1-palmitoleoyl-GPC* (16:1)*","Lipid","Lysophospholipid",-0.172450973222195,-0.406613803734143,0.0829730125135777,0.183847114286117,0.987519423912982,""
"361","hexanoylglycine (C6)","Lipid","Fatty Acid Metabolism (Acyl Glycine)",0.172606005192383,-0.0828143222364407,0.406747164753908,0.18344723754326,0.987519423912982,""
"362","glutamine_degradant*","Partially Characterized Molecules","Partially Characterized Molecules",-0.00830065601022941,-0.259578803320253,0.244030173728038,0.949376270317722,0.996044105356003,""
"363","2-hydroxy-3-methylvalerate","Amino Acid","Leucine, Isoleucine and Valine Metabolism",0.186964835971856,-0.0680602920487426,0.419055750062069,0.149079708247149,0.987519423912982,""
"364","homostachydrine*","Xenobiotics","Food Component/Plant",-0.0283339818718945,-0.278169954805623,0.225092813314139,0.828394744249433,0.996044105356003,""
"365","1-arachidonoyl-GPC* (20:4)*","Lipid","Lysophospholipid",-0.215199501100856,-0.443012633519263,0.0387195140881817,0.095799465679694,0.987519423912982,""
"366","2-palmitoleoyl-GPC* (16:1)*","Lipid","Lysophospholipid",-0.182420045975189,-0.415169099450365,0.0727422654388845,0.159395023078973,0.987519423912982,""
"367","2-palmitoyl-GPC* (16:0)*","Lipid","Lysophospholipid",-0.120603980124905,-0.361447352168855,0.135326710005859,0.35452611949614,0.987519423912982,""
"368","1-palmitoyl-GPE (16:0)","Lipid","Lysophospholipid",-0.212935376403466,-0.441103466530926,0.0410885965775633,0.0994288756422157,0.987519423912982,""
"369","1-oleoyl-GPE (18:1)","Lipid","Lysophospholipid",-0.0643387017772432,-0.311118750951867,0.190569611657367,0.622283540783461,0.996044105356003,""
"370","1-linoleoyl-GPE (18:2)*","Lipid","Lysophospholipid",-0.108730302681146,-0.350942056839006,0.147118624459738,0.404213668719161,0.987519423912982,""
"371","1-arachidonoyl-GPE (20:4n6)*","Lipid","Lysophospholipid",-0.0447884628428877,-0.293301156699026,0.209393960236948,0.7317907899127,0.996044105356003,""
"372","N-acetylcitrulline","Amino Acid","Urea cycle; Arginine and Proline Metabolism",-0.0571778417082868,-0.304612596030418,0.197486418591808,0.661608865521879,0.996044105356003,""
"373","2-hydroxypalmitate","Lipid","Fatty Acid, Monohydroxy",-0.013460548343731,-0.264385115595568,0.239170895138552,0.917994758411987,0.996044105356003,""
"374","docosapentaenoate (n6 DPA; 22:5n6)","Lipid","Long Chain Polyunsaturated Fatty Acid (n3 and n6)",-0.017654536660535,-0.268282550870519,0.235211902348593,0.892576892492858,0.996044105356003,""
"375","gulonate*","Cofactors and Vitamins","Ascorbate and Aldarate Metabolism",0.0402606440756527,-0.21372695823884,0.289149847424368,0.758032559590292,0.996044105356003,""
"376","isobutyrylglycine (C4)","Amino Acid","Leucine, Isoleucine and Valine Metabolism",-0.000685496098360321,-0.252462654454301,0.251178601886055,0.995816604036197,0.998329303181872,""
"377","glutarylcarnitine (C5-DC)","Amino Acid","Lysine Metabolism",-0.155901396856713,-0.392319965900776,0.0998389395322261,0.230220408662036,0.987519423912982,""
"378","tiglyl carnitine (C5)","Amino Acid","Leucine, Isoleucine and Valine Metabolism",0.0816209492928507,-0.173771461879278,0.326726207558783,0.531750143282729,0.987519423912982,""
"379","hydroquinone sulfate","Xenobiotics","Drug - Topical Agents",0.020566979841065,-0.232457702243395,0.270984239417328,0.874987392300361,0.996044105356003,""
"380","catechol sulfate","Xenobiotics","Benzoate Metabolism",0.104823602549478,-0.150982587120936,0.347472202240494,0.421408620260399,0.987519423912982,""
"381","cholesterol sulfate","Lipid","Sterol",0.0889849167474255,-0.166568326536563,0.333336176209993,0.495257135689434,0.987519423912982,""
"382","7-HOCA","Lipid","Sterol",-0.0159635369615561,-0.266712106713066,0.236809162954149,0.902813802884584,0.996044105356003,""
"383","tetradecanedioate (C14)","Lipid","Fatty Acid, Dicarboxylate",0.0848750209399066,-0.170591826727025,0.329650053580966,0.515462077843692,0.987519423912982,""
"384","hexadecanedioate (C16)","Lipid","Fatty Acid, Dicarboxylate",0.149984477411315,-0.105833508750835,0.387181673592088,0.248614020901593,0.987519423912982,""
"385","octadecanedioate (C18)","Lipid","Fatty Acid, Dicarboxylate",0.278859678339807,0.0290810905962781,0.495859826178153,0.0295345652906372,0.841634979113175,""
"386","undecanedioate (C11-DC)","Lipid","Fatty Acid, Dicarboxylate",0.122002455602595,-0.133933075596867,0.362680648248103,0.348932403776757,0.987519423912982,""
"387","1-myristoylglycerol (14:0)","Lipid","Monoacylglycerol",0.0421589763330753,-0.21191152231129,0.290891464764525,0.746995407673209,0.996044105356003,""
"388","glycerophosphoethanolamine","Lipid","Phospholipid Metabolism",0.0718132103339686,-0.183322747439215,0.317885293970944,0.582328536686997,0.996044105356003,""
"389","3-(3-hydroxyphenyl)propionate","Xenobiotics","Benzoate Metabolism",0.029047685282929,-0.224414603807704,0.278828844380635,0.824140226146505,0.996044105356003,""
"390","ectoine","Xenobiotics","Chemical",0.105298669108108,-0.150513134668886,0.347894502267831,0.419295612961736,0.987519423912982,""
"391","1-arachidonoyl-GPI* (20:4)*","Lipid","Lysophospholipid",-0.132216405301377,-0.371662696914054,0.12372369339288,0.309749486659734,0.987519423912982,""
"392","1-palmitoyl-GPI* (16:0)","Lipid","Lysophospholipid",-0.1757162773234,-0.409420564607891,0.0796279176254554,0.175557042739181,0.987519423912982,""
"393","glycolithocholate sulfate*","Lipid","Secondary Bile Acid Metabolism",0.225672546218806,-0.0277237039071927,0.451816966467645,0.0803374129990698,0.987519423912982,""
"394","taurolithocholate 3-sulfate","Lipid","Secondary Bile Acid Metabolism",0.372584995011056,0.133268084577031,0.57084629252107,0.0031059727050599,0.519427333404845,""
"395","deoxycarnitine","Lipid","Carnitine Metabolism",-0.0208378931845698,-0.271235348111694,0.232201302098265,0.873354151306532,0.996044105356003,""
"396","1-ribosyl-imidazoleacetate*","Amino Acid","Histidine Metabolism",-0.248179471516616,-0.470589878226706,0.00388400513235204,0.0537888055955632,0.870400672364568,""
"397","alpha-hydroxycaproate","Lipid","Fatty Acid, Monohydroxy",0.116085302272495,-0.139822833806532,0.357456623811819,0.372974414794265,0.987519423912982,""
"398","3,4-dihydroxybutyrate","Lipid","Fatty Acid, Dihydroxy",-0.128471381627971,-0.368374556039362,0.127473344186068,0.323773969233136,0.987519423912982,""
"399","hexanoylglutamine","Lipid","Fatty Acid Metabolism (Acyl Glutamine)",0.270720057125313,0.020282001490548,0.48919120113284,0.0348386255725289,0.841634979113175,""
"400","N6-acetyllysine","Amino Acid","Lysine Metabolism",0.114921265658568,-0.140979353523975,0.356427160166338,0.377818970165036,0.987519423912982,""
"401","dihomolinolenate (20:3n3 or 3n6)","Lipid","Long Chain Polyunsaturated Fatty Acid (n3 and n6)",-0.0364562113291708,-0.285654518989255,0.217359985820531,0.780295215491713,0.996044105356003,""
"402","mannitol/sorbitol","Carbohydrate","Fructose, Mannose and Galactose Metabolism",-0.216378533241223,-0.444006005647989,0.0374846943540549,0.0939508293465076,0.987519423912982,""
"403","tryptophan betaine","Amino Acid","Tryptophan Metabolism",-0.0362598204480435,-0.285473904424191,0.217547337805292,0.781449398406096,0.996044105356003,""
"404","4-vinylphenol sulfate","Xenobiotics","Benzoate Metabolism",-0.144949223262942,-0.382797390303399,0.110920239870757,0.265035747680969,0.987519423912982,""
"405","4-ethylphenyl sulfate","Xenobiotics","Benzoate Metabolism",0.134035368465769,-0.121899841944731,0.373257586858132,0.303081044744853,0.987519423912982,""
"406","thymol sulfate","Xenobiotics","Food Component/Plant",0.128501189902026,-0.12744352793864,0.368400751502248,0.323660775515634,0.987519423912982,""
"407","3-methyladipate","Lipid","Fatty Acid, Dicarboxylate",0.0369530729418344,-0.216885908754095,0.286111388073627,0.777377286721007,0.996044105356003,""
"408","pyrraline","Xenobiotics","Food Component/Plant",-0.0935875075114571,-0.337455343526387,0.162052364166404,0.473129178100977,0.987519423912982,""
"409","N6-carboxymethyllysine","Carbohydrate","Advanced Glycation End-product",0.0538544735640164,-0.20068792957655,0.301585212429637,0.680182133271884,0.996044105356003,""
"410","1-oleoyl-GPI (18:1)","Lipid","Lysophospholipid",-0.0875493896255649,-0.332049515309813,0.167974644705726,0.502267250026451,0.987519423912982,""
"411","1-linoleoyl-GPI* (18:2)*","Lipid","Lysophospholipid",-0.0913820632722823,-0.335482708172856,0.164217635315192,0.483665638643482,0.987519423912982,""
"412","2-hydroxyacetaminophen sulfate*","Xenobiotics","Drug - Analgesics, Anesthetics",0.134237547235045,-0.12169701305159,0.373434772488573,0.302345630088022,0.987519423912982,""
"413","2-methoxyacetaminophen sulfate*","Xenobiotics","Drug - Analgesics, Anesthetics",0.136577498939584,-0.119347980735124,0.375484192562725,0.293918402190526,0.987519423912982,""
"414","2-methoxyacetaminophen glucuronide*","Xenobiotics","Drug - Analgesics, Anesthetics",0.138462843724565,-0.117453232945096,0.377133752570039,0.287241170362776,0.987519423912982,""
"415","o-cresol sulfate","Xenobiotics","Benzoate Metabolism",-0.00458549742243422,-0.256110499646542,0.2475210599231,0.972021422358644,0.996044105356003,""
"416","2-ethylphenylsulfate","Xenobiotics","Benzoate Metabolism",-0.0203009370418952,-0.270737612040557,0.232709458544684,0.876591775640196,0.996044105356003,""
"417","dimethylarginine (ADMA + SDMA)","Amino Acid","Urea cycle; Arginine and Proline Metabolism",-0.0930411676073002,-0.336966875295324,0.162588981738285,0.475727779977248,0.987519423912982,""
"418","N-acetylserine","Amino Acid","Glycine, Serine and Threonine Metabolism",0.203197560774146,-0.0512453710598067,0.4328686861728,0.116269458746197,0.987519423912982,""
"419","1-stearoyl-2-oleoyl-GPE (18:0/18:1)","Lipid","Phosphatidylethanolamine (PE)",-0.00366462757997096,-0.25524981458943,0.248385328658587,0.977638529191955,0.996044105356003,""
"420","4-allylphenol sulfate","Xenobiotics","Food Component/Plant",0.0992016200187141,-0.156529383462067,0.342467177796581,0.446872254356294,0.987519423912982,""
"421","1-stearoyl-2-arachidonoyl-GPC (18:0/20:4)","Lipid","Phosphatidylcholine (PC)",-0.135983217714699,-0.374963919345799,0.119944839733829,0.29604399156444,0.987519423912982,""
"422","1-palmitoyl-2-linoleoyl-GPE (16:0/18:2)","Lipid","Phosphatidylethanolamine (PE)",-0.0689962138932306,-0.315338055845283,0.186057209123107,0.597249646907909,0.996044105356003,""
"423","1-stearoyl-2-arachidonoyl-GPS (18:0/20:4)","Lipid","Phosphatidylserine (PS)",0.0280886267110116,-0.225325909759763,0.277943389086485,0.82985849203059,0.996044105356003,""
"424","sphinganine-1-phosphate","Lipid","Sphingolipid Synthesis",0.00193197461749975,-0.250010397257985,0.253629320091501,0.988210050594776,0.996044105356003,""
"425","glycosyl-N-nervonoyl-sphingosine (d18:1/24:1)*","Lipid","Hexosylceramides (HCER)",-0.0754486462431788,-0.321167355203519,0.179787980578374,0.563327116849598,0.996044105356003,""
"426","glycosyl-N-stearoyl-sphingosine (d18:1/18:0)","Lipid","Hexosylceramides (HCER)",0.050798626962211,-0.203626937918101,0.29879710918292,0.697429097058212,0.996044105356003,""
"427","succinylcarnitine (C4-DC)","Energy","TCA Cycle",0.0247433101945605,-0.228501192004256,0.274851482953308,0.849871484427486,0.996044105356003,""
"428","bilirubin (E,E)*","Cofactors and Vitamins","Hemoglobin and Porphyrin Metabolism",-0.109884748611322,-0.351966141489863,0.145975310965741,0.399211921863965,0.987519423912982,""
"429","bilirubin (E,Z or Z,E)*","Cofactors and Vitamins","Hemoglobin and Porphyrin Metabolism",-0.0869307330934863,-0.331494733656508,0.168580392784177,0.505304026166962,0.987519423912982,""
"430","N-methylproline","Amino Acid","Urea cycle; Arginine and Proline Metabolism",0.116207506362009,-0.139701378351501,0.357564666012659,0.37246800238311,0.987519423912982,""
"431","beta-cryptoxanthin","Cofactors and Vitamins","Vitamin A Metabolism",-0.0177848600984285,-0.268403527965301,0.235088746563804,0.891788647036858,0.996044105356003,""
"432","5alpha-androstan-3beta,17beta-diol disulfate","Lipid","Androgenic Steroids",0.0763477711461775,-0.178912735544716,0.321978173192866,0.558672983946682,0.996044105356003,""
"433","5alpha-pregnan-3beta,20alpha-diol disulfate","Lipid","Progestin Steroids",-0.0516148759169457,-0.299542255677698,0.202842346273874,0.6928068814701,0.996044105356003,""
"434","glycocholenate sulfate*","Lipid","Secondary Bile Acid Metabolism",0.0633470924244975,-0.191528937565613,0.310219180427385,0.627670124936842,0.996044105356003,""
"435","taurocholenate sulfate*","Lipid","Secondary Bile Acid Metabolism",0.407147463185961,0.173071421153908,0.597688310457741,0.00112807395762203,0.501992911141805,""
"436","androstenediol (3beta,17beta) disulfate (1)","Lipid","Androgenic Steroids",0.105603866722728,-0.150211482854371,0.348165749086792,0.417941359945739,0.987519423912982,""
"437","pregnen-diol disulfate*","Lipid","Pregnenolone Steroids",0.0940689613568146,-0.161579352618589,0.337885689995642,0.470845522283129,0.987519423912982,""
"438","androstenediol (3beta,17beta) disulfate (2)","Lipid","Androgenic Steroids",-0.0358498485198542,-0.285096808978182,0.217938380499426,0.783860299597147,0.996044105356003,""
"439","21-hydroxypregnenolone disulfate","Lipid","Pregnenolone Steroids",0.113329986083065,-0.142559228035095,0.35501889727452,0.384502429454987,0.987519423912982,""
"440","21-hydroxypregnenolone monosulfate (1)","Lipid","Pregnenolone Steroids",0.0961231842021956,-0.159559829927118,0.339720707857787,0.46116875970506,0.987519423912982,""
"441","5alpha-androstan-3alpha,17alpha-diol monosulfate","Lipid","Androgenic Steroids",0.159932072758782,-0.095744709020267,0.395811802993544,0.218243816551582,0.987519423912982,""
"442","5alpha-pregnan-3beta,20beta-diol monosulfate (1)","Lipid","Progestin Steroids",-0.0901433470223581,-0.334373812427909,0.165432708547721,0.48963752116841,0.987519423912982,""
"443","5alpha-pregnan-3beta,20alpha-diol monosulfate (2)","Lipid","Progestin Steroids",-0.087533813877957,-0.332035549798176,0.16798989782901,0.502343590517951,0.987519423912982,""
"444","5alpha-pregnan-diol disulfate","Lipid","Progestin Steroids",-0.160865386019235,-0.396619375397411,0.0947954444246407,0.21553397915066,0.987519423912982,""
"445","5alpha-androstan-3alpha,17beta-diol monosulfate (1)","Lipid","Androgenic Steroids",0.169154659645679,-0.0863440466059213,0.403775897495689,0.192498723958688,0.987519423912982,""
"446","5alpha-androstan-3beta,17alpha-diol disulfate","Lipid","Androgenic Steroids",0.0980543807087681,-0.157659301729228,0.34144413782477,0.452171194563677,0.987519423912982,""
"447","5alpha-androstan-3beta,17beta-diol monosulfate (2)","Lipid","Androgenic Steroids",0.202769371104875,-0.0516907782672225,0.432505705787109,0.11705719633994,0.987519423912982,""
"448","androstenediol (3alpha, 17alpha) monosulfate (2)","Lipid","Androgenic Steroids",-0.000846406123078326,-0.252613302461231,0.251027837604894,0.994834626082044,0.998329303181872,""
"449","androstenediol (3alpha, 17alpha) monosulfate (3)","Lipid","Androgenic Steroids",-0.0464914642848975,-0.294860123989962,0.207761647293175,0.721997486487832,0.996044105356003,""
"450","androstenediol (3beta,17beta) monosulfate (1)","Lipid","Androgenic Steroids",0.170658430715252,-0.0848069135608319,0.405071104459336,0.188516398585665,0.987519423912982,""
"451","androstenediol (3beta,17beta) monosulfate (2)","Lipid","Androgenic Steroids",-0.125773513601507,-0.366002095465459,0.130170019610584,0.334122816512662,0.987519423912982,""
"452","4-hydroxycoumarin","Xenobiotics","Drug - Cardiovascular",0.00879862899154682,-0.243561764267811,0.260043196194593,0.946343589713195,0.996044105356003,""
"453","pregnenediol sulfate (C21H34O5S)*","Lipid","Pregnenolone Steroids",0.0442140429155685,-0.2099442177238,0.292775021034808,0.735103772117767,0.996044105356003,""
"454","2-hydroxyglutarate","Lipid","Fatty Acid, Dicarboxylate",0.137610132681593,-0.118310427658722,0.376387870688781,0.290248716662789,0.987519423912982,""
"455","gamma-CEHC","Cofactors and Vitamins","Tocopherol Metabolism",0.0414230462075792,-0.212615524040706,0.290216484208316,0.751268341090678,0.996044105356003,""
"456","N-acetyl-beta-alanine","Nucleotide","Pyrimidine Metabolism, Uracil containing",-0.11764289587379,-0.358833228824144,0.138274205536486,0.366550884219123,0.987519423912982,""
"457","5-methylthioribose**","Amino Acid","Methionine, Cysteine, SAM and Taurine Metabolism",0.0573065510911942,-0.197362319202293,0.304729741874602,0.660893524866767,0.996044105356003,""
"458","sphingomyelin (d18:1/18:1, d18:2/18:0)","Lipid","Sphingomyelins",0.000779645918323782,-0.251090389909983,0.252550801362211,0.995242039565817,0.998329303181872,""
"459","palmitoyl sphingomyelin (d18:1/16:0)","Lipid","Sphingomyelins",-0.264742627651626,-0.484277694290939,-0.0138448957931853,0.0392194207931974,0.841634979113175,""
"460","3-hydroxyhippurate","Xenobiotics","Benzoate Metabolism",-0.0069966497755802,-0.258362180056729,0.245256206504839,0.957321010919517,0.996044105356003,""
"461","16a-hydroxy DHEA 3-sulfate","Lipid","Androgenic Steroids",0.0919784177582437,-0.163632386543732,0.336016322129735,0.480804392334987,0.987519423912982,""
"462","17alpha-hydroxypregnenolone 3-sulfate","Lipid","Pregnenolone Steroids",-0.00508067274936842,-0.256573147247962,0.247056154529205,0.969001501612582,0.996044105356003,""
"463","pregnenolone sulfate","Lipid","Pregnenolone Steroids",-0.0412533225094891,-0.290060781852322,0.2127778468436,0.752254845973762,0.996044105356003,""
"464","andro steroid monosulfate C19H28O6S (1)*","Lipid","Androgenic Steroids",0.2175889826773,-0.0362161637336955,0.445025266066319,0.0920820477204698,0.987519423912982,""
"465","ergothioneine","Xenobiotics","Food Component/Plant",0.178711106061522,-0.0765548429988719,0.411990949298079,0.168195604427414,0.987519423912982,""
"466","13-HODE + 9-HODE","Lipid","Fatty Acid, Monohydroxy",0.263866077937674,0.0129026828728511,0.48355599552009,0.0398985853361337,0.841634979113175,""
"467","tridecenedioate (C13:1-DC)*","Lipid","Fatty Acid, Dicarboxylate",0.215914058346496,-0.0379712391087176,0.443614737542012,0.094675736526186,0.987519423912982,""
"468","4-cholesten-3-one","Lipid","Sterol",-0.0301800494139599,-0.279873758386595,0.223338050357405,0.817400360080631,0.996044105356003,""
"469","cinnamoylglycine","Xenobiotics","Food Component/Plant",-0.0325712914745069,-0.282078387799605,0.221062631231232,0.803211314939626,0.996044105356003,""
"470","stearoyl ethanolamide","Lipid","Endocannabinoid",0.0331126814658009,-0.220547080523061,0.282577162124115,0.800007418643386,0.996044105356003,""
"471","cis-4-decenoylcarnitine (C10:1)","Lipid","Fatty Acid Metabolism (Acyl Carnitine, Monounsaturated)",-0.0133788873553812,-0.264309147347546,0.239247897259659,0.918490563887612,0.996044105356003,""
"472","2S,3R-dihydroxybutyrate","Lipid","Fatty Acid, Dihydroxy",0.126321486067343,-0.129622595655419,0.366484226239584,0.332004191917722,0.987519423912982,""
"473","(12 or 13)-methylmyristate (a15:0 or i15:0)","Lipid","Fatty Acid, Branched",-0.0958292299443067,-0.33945823495073,0.159848949946374,0.462546805846136,0.987519423912982,""
"474","(16 or 17)-methylstearate (a19:0 or i19:0)","Lipid","Fatty Acid, Branched",-0.0304522950889162,-0.280124890911681,0.223079130561586,0.815781885376029,0.996044105356003,""
"475","2R,3R-dihydroxybutyrate","Lipid","Fatty Acid, Dihydroxy",0.00602665251685575,-0.246167679435891,0.257456665986945,0.963233503800105,0.996044105356003,""
"476","4-methylbenzenesulfonate","Xenobiotics","Chemical",0.162211308091517,-0.093425699917229,0.39778332559487,0.211667868084546,0.987519423912982,""
"477","alpha-ketoglutaramate*","Amino Acid","Glutamate Metabolism",0.0441377620217696,-0.210017277824496,0.292705140794069,0.73554408711963,0.996044105356003,""
"478","2,3-dihydroxyisovalerate","Xenobiotics","Food Component/Plant",0.0875867217002015,-0.167938085401543,0.33208298752184,0.502084300876425,0.987519423912982,""
"479","3-methylglutaconate","Amino Acid","Leucine, Isoleucine and Valine Metabolism",-0.0293557652471954,-0.279113190547538,0.22412176938945,0.822305251465016,0.996044105356003,""
"480","cysteinylglycine disulfide*","Amino Acid","Glutathione Metabolism",-0.154490028082262,-0.391095662372784,0.101270518196797,0.234519730877554,0.987519423912982,""
"481","hydantoin-5-propionate","Amino Acid","Histidine Metabolism",0.128305281992027,-0.127639479781604,0.368228580972981,0.324405174818847,0.987519423912982,""
"482","sulfate*","Xenobiotics","Chemical",-0.0194480431021772,-0.269946739381715,0.233516323546063,0.88173849206807,0.996044105356003,""
"483","4-hydroxy-2-oxoglutaric acid","Lipid","Fatty Acid, Dicarboxylate",0.190086114881128,-0.06483827858161,0.421720113253957,0.142288521420167,0.987519423912982,""
"484","hydroxycotinine","Xenobiotics","Tobacco Metabolite",-0.128498896327145,-0.368398735925891,0.127445822143453,0.323669484227504,0.987519423912982,""
"485","cotinine N-oxide","Xenobiotics","Tobacco Metabolite",-0.00859760698361687,-0.259855743810933,0.243750866227596,0.94756773514062,0.996044105356003,""
"486","diphenhydramine","Xenobiotics","Drug - Respiratory",-0.0427381809775182,-0.291422525748986,0.211357261019353,0.743637761477766,0.996044105356003,""
"487","S-methylcysteine","Amino Acid","Methionine, Cysteine, SAM and Taurine Metabolism",0.0994775668060097,-0.156257503019556,0.342713164740255,0.445602849807031,0.987519423912982,""
"488","androsterone glucuronide","Lipid","Androgenic Steroids",0.165142085795559,-0.0904396967062755,0.400315234552009,0.203418897700771,0.987519423912982,""
"489","argininate*","Amino Acid","Urea cycle; Arginine and Proline Metabolism",-0.105853300964204,-0.34838740560366,0.14996491117536,0.416836412241128,0.987519423912982,""
"490","2-oxoarginine*","Amino Acid","Urea cycle; Arginine and Proline Metabolism",-0.118629734050564,-0.359704856179672,0.137292399461125,0.362516161709329,0.987519423912982,""
"491","cis-4-decenoate (10:1n6)*","Lipid","Medium Chain Fatty Acid",0.131678805695915,-0.124262406887292,0.371191052019718,0.311738301706543,0.987519423912982,""
"492","venlafaxine","Xenobiotics","Drug - Psychoactive",-0.146033611085091,-0.383742491693812,0.109825897522536,0.261439111995543,0.987519423912982,""
"493","ethyl glucuronide","Xenobiotics","Chemical",0.0357408189610538,-0.218042362227569,0.284996509731269,0.784501805670418,0.996044105356003,""
"494","1-lignoceroyl-GPC (24:0)","Lipid","Lysophospholipid",-0.272065068960122,-0.490294906351061,-0.0217333147065872,0.0339111618731041,0.841634979113175,""
"495","1-(1-enyl-palmitoyl)-GPC (P-16:0)*","Lipid","Lysoplasmalogen",-0.368584466876152,-0.567711780698007,-0.128710255011046,0.00346848421867127,0.519427333404845,""
"496","1-methyl-5-imidazoleacetate","Amino Acid","Histidine Metabolism",-0.0268011866222575,-0.276754086106435,0.226548549975961,0.837548465902295,0.996044105356003,""
"497","glycoursodeoxycholate","Lipid","Secondary Bile Acid Metabolism",-0.0843742097401178,-0.329200370575034,0.171081528580293,0.517952324429029,0.987519423912982,""
"498","S-methylcysteine sulfoxide","Amino Acid","Methionine, Cysteine, SAM and Taurine Metabolism",0.107685053500686,-0.148153204805917,0.350014338270153,0.40877366561967,0.987519423912982,""
"499","(14 or 15)-methylpalmitate (a17:0 or i17:0)","Lipid","Fatty Acid, Branched",-0.0680263242993926,-0.314460221573303,0.186997768615076,0.602425879642319,0.996044105356003,""
"500","eicosanedioate (C20-DC)","Lipid","Fatty Acid, Dicarboxylate",-0.127533313941077,-0.367549989004564,0.128411426509367,0.32734901512264,0.987519423912982,""
"501","docosadioate (C22-DC)","Lipid","Fatty Acid, Dicarboxylate",-0.0957770295377205,-0.339411621036185,0.159900287302677,0.462791753104847,0.987519423912982,""
"502","16-hydroxypalmitate","Lipid","Fatty Acid, Monohydroxy",0.13204743266261,-0.123893032395986,0.371514467782744,0.310373708140115,0.987519423912982,""
"503","oleoyl-linoleoyl-glycerol (18:1/18:2) [1]","Lipid","Diacylglycerol",0.124848038332171,-0.131094214311397,0.365187527855572,0.337720217644843,0.987519423912982,""
"504","oleoyl-linoleoyl-glycerol (18:1/18:2) [2]","Lipid","Diacylglycerol",0.156588210247482,-0.0991419082216464,0.392915445013845,0.22814810631656,0.987519423912982,""
"505","1-(1-enyl-palmitoyl)-GPE (P-16:0)*","Lipid","Lysoplasmalogen",-0.132668926448886,-0.37205960530471,0.123270117666196,0.308081757748063,0.987519423912982,""
"506","1-(1-enyl-stearoyl)-GPE (P-18:0)*","Lipid","Lysoplasmalogen",-0.100683244280712,-0.343787549409562,0.155069137633718,0.440080062592065,0.987519423912982,""
"507","N-oleoyltaurine","Lipid","Endocannabinoid",0.0462370652343634,-0.208005576698559,0.294627325133144,0.723457664188738,0.996044105356003,""
"508","linoleoylcarnitine (C18:2)*","Lipid","Fatty Acid Metabolism (Acyl Carnitine, Polyunsaturated)",-0.0951996844075201,-0.338895983612727,0.160467994728292,0.465505605356403,0.987519423912982,""
"509","isoleucylglycine","Peptide","Dipeptide",-0.0114339040721176,-0.262498831713651,0.241080977981148,0.9303082559651,0.996044105356003,""
"510","leucylglycine","Peptide","Dipeptide",-0.0173914108228546,-0.2680382714066,0.235460531795046,0.894168691505571,0.996044105356003,""
"511","N-palmitoyltaurine","Lipid","Endocannabinoid",-0.0991698187716261,-0.342438827102159,0.156560713596406,0.447018674477003,0.987519423912982,""
"512","N-stearoyltaurine","Lipid","Endocannabinoid",-0.0149780537795022,-0.265796266520402,0.237739386970438,0.908787061593387,0.996044105356003,""
"513","2-O-methylascorbic acid","Cofactors and Vitamins","Ascorbate and Aldarate Metabolism",0.225608852273063,-0.0277907630076571,0.451763553945453,0.0804250800373857,0.987519423912982,""
"514","beta-citrylglutamate","Amino Acid","Glutamate Metabolism",0.117345949761084,-0.138569539040216,0.358570868050393,0.367770278078725,0.987519423912982,""
"515","trimethylamine N-oxide","Lipid","Phospholipid Metabolism",0.0235672783390253,-0.229616170507837,0.273763306182303,0.856930100841003,0.996044105356003,""
"516","N6-methyllysine","Amino Acid","Lysine Metabolism",0.103365972880237,-0.152422271458497,0.346175859601869,0.427929741829096,0.987519423912982,""
"517","imidazole propionate","Amino Acid","Histidine Metabolism",-0.0329662400448226,-0.282442261188732,0.220686546621635,0.800873724444212,0.996044105356003,""
"518","citalopram/escitalopram","Xenobiotics","Drug - Psychoactive",0.0140416211209722,-0.238622881563517,0.264925590804919,0.914467677536813,0.996044105356003,""
"519","pregnanediol-3-glucuronide","Lipid","Progestin Steroids",-0.0182895637763617,-0.268871961476039,0.234611724438863,0.88873699784298,0.996044105356003,""
"520","alliin","Xenobiotics","Food Component/Plant",0.0989315566160461,-0.156795429696974,0.342226403175384,0.448116532695501,0.987519423912982,""
"521","valylglycine","Peptide","Dipeptide",-0.0395968941132994,-0.288540503665243,0.214361309916769,0.761903182943851,0.996044105356003,""
"522","prolylglycine","Peptide","Dipeptide",-0.0166167524545294,-0.267318910739162,0.23619231981523,0.898857432360616,0.996044105356003,""
"523","N-palmitoylglycine","Lipid","Fatty Acid Metabolism (Acyl Glycine)",-0.00731505056156278,-0.25865931803112,0.244956919030272,0.95538072319523,0.996044105356003,""
"524","mannonate*","Xenobiotics","Food Component/Plant",0.0416947443648728,-0.212355644239708,0.290465709213807,0.749689942973788,0.996044105356003,""
"525","2-stearoyl-GPE (18:0)*","Lipid","Lysophospholipid",-0.0327436632947538,-0.282237205959471,0.220898501696647,0.802190881937639,0.996044105356003,""
"526","(R)-3-hydroxybutyrylcarnitine","Lipid","Fatty Acid Metabolism (Acyl Carnitine, Hydroxy)",0.114633124599487,-0.141265526078654,0.356172240198608,0.379023978712118,0.987519423912982,""
"527","N-acetylcarnosine","Amino Acid","Histidine Metabolism",-0.0355370458469912,-0.28480903868438,0.218236685644766,0.78570114433152,0.996044105356003,""
"528","margaroylcarnitine (C17)*","Lipid","Fatty Acid Metabolism (Acyl Carnitine, Long Chain Saturated)",0.0235063380630901,-0.229673928982764,0.273706900969081,0.857296177123526,0.996044105356003,""
"529","histidine betaine (hercynine)*","Xenobiotics","Food Component/Plant",0.164924861000832,-0.0906611725178428,0.400127696424306,0.204022357308603,0.987519423912982,""
"530","glycohyocholate","Lipid","Secondary Bile Acid Metabolism",0.290293042785225,0.0415065043198951,0.505183923332232,0.0232398594739472,0.841634979113175,""
"531","2-hydroxydecanoate","Lipid","Fatty Acid, Monohydroxy",0.207072818980091,-0.0472096796350899,0.436150395175486,0.109323582125658,0.987519423912982,""
"532","4-methylcatechol sulfate","Xenobiotics","Benzoate Metabolism",0.0794541040884345,-0.175885791455908,0.324776649777915,0.542735288108094,0.996044105356003,""
"533","3-methyl catechol sulfate (1)","Xenobiotics","Benzoate Metabolism",-0.00980222211556806,-0.260978760406338,0.242617394342197,0.940234002021429,0.996044105356003,""
"534","2-hydroxyibuprofen","Xenobiotics","Drug - Analgesics, Anesthetics",0.368236128057841,0.128313869211161,0.56743857516533,0.00350175730385289,0.519427333404845,""
"535","carboxyibuprofen","Xenobiotics","Drug - Analgesics, Anesthetics",0.320637683502298,0.0748615032082302,0.529689580974217,0.0117569918500645,0.73979830650654,""
"536","O-desmethylvenlafaxine","Xenobiotics","Drug - Psychoactive",-0.280572848798859,-0.497260139039817,-0.0309380055682489,0.0285090750174553,0.841634979113175,""
"537","3b-hydroxy-5-cholenoic acid","Lipid","Secondary Bile Acid Metabolism",-0.0258148562621394,-0.275842421964378,0.227484696181397,0.843450175724644,0.996044105356003,""
"538","guaiacol sulfate","Xenobiotics","Benzoate Metabolism",0.100351816222155,-0.155395880563191,0.343492275779577,0.441594393201,0.987519423912982,""
"539","2-aminooctanoate","Lipid","Fatty Acid, Amino",0.0745464083349959,-0.180665849913102,0.320353367674247,0.568015592276776,0.996044105356003,""
"540","dimethyl sulfone","Xenobiotics","Chemical",-0.00249089152806316,-0.254152211481375,0.249486339808864,0.984799595612835,0.996044105356003,""
"541","2-piperidinone","Xenobiotics","Food Component/Plant",-0.186097330781448,-0.418314526131132,0.0689548509366077,0.151009325406338,0.987519423912982,""
"542","2-aminophenol sulfate","Xenobiotics","Food Component/Plant",0.00868433039298541,-0.243669287629409,0.259936615437174,0.947039608530082,0.996044105356003,""
"543","3-acetylphenol sulfate","Xenobiotics","Chemical",0.0215533016441955,-0.231524049959264,0.271898294067594,0.869043750590446,0.996044105356003,""
"544","1-stearoyl-GPS (18:0)*","Lipid","Lysophospholipid",-0.0564900652538884,-0.303986484048032,0.198149422591586,0.665436477650039,0.996044105356003,""
"545","sphingomyelin (d18:1/14:0, d16:1/16:0)*","Lipid","Sphingomyelins",-0.0638574019477249,-0.310682179452385,0.191035302807827,0.624895602470984,0.996044105356003,""
"546","sphingomyelin (d18:2/16:0, d18:1/16:1)*","Lipid","Sphingomyelins",-0.0995935660232548,-0.342816559839596,0.156143201593192,0.445069830941767,0.987519423912982,""
"547","3-hydroxyadipate","Lipid","Fatty Acid, Dicarboxylate",0.261275787460029,0.0101209531524799,0.481421557838206,0.0419626074216252,0.841634979113175,""
"548","3-hydroxycotinine glucuronide","Xenobiotics","Tobacco Metabolite",-0.237131347438426,-0.461399786809786,0.0156222689637278,0.0657562589390286,0.971901767872883,""
"549","6-oxopiperidine-2-carboxylate","Amino Acid","Lysine Metabolism",-0.0241263972104088,-0.274280736142552,0.229086160984167,0.853572809053631,0.996044105356003,""
"550","S-allylcysteine","Xenobiotics","Food Component/Plant",0.17068958367935,-0.0847750565899645,0.405097926748623,0.188434529298321,0.987519423912982,""
"551","N-delta-acetylornithine","Amino Acid","Urea cycle; Arginine and Proline Metabolism",0.142127072882694,-0.113765391422539,0.380335400784619,0.274551207810708,0.987519423912982,""
"552","acisoga","Amino Acid","Polyamine Metabolism",0.0558942190348568,-0.198723619199149,0.303443887144257,0.668759365283322,0.996044105356003,""
"553","2-aminoheptanoate","Lipid","Fatty Acid, Amino",-0.0313591600203411,-0.280961180367669,0.222216396719041,0.810396216624022,0.996044105356003,""
"554","N-formylanthranilic acid","Amino Acid","Tryptophan Metabolism",0.0699696906691088,-0.18511270064824,0.316218713110844,0.592074180313628,0.996044105356003,""
"555","N2,N5-diacetylornithine","Amino Acid","Urea cycle; Arginine and Proline Metabolism",0.086611141157999,-0.168893240755233,0.331208072592391,0.506876477684039,0.987519423912982,""
"556","1H-indole-7-acetic acid","Xenobiotics","Bacterial/Fungal",0.00499875106264765,-0.247133076379692,0.256496614895527,0.969501087808181,0.996044105356003,""
"557","methionine sulfone","Amino Acid","Methionine, Cysteine, SAM and Taurine Metabolism",0.143014984909949,-0.112870695008438,0.381110362275172,0.271533238773872,0.987519423912982,""
"558","1-linolenoyl-GPC (18:3)*","Lipid","Lysophospholipid",-0.108130591368226,-0.350409836805312,0.147712282995556,0.40682632809749,0.987519423912982,""
"559","N-acetylalliin","Xenobiotics","Food Component/Plant",0.147847681019643,-0.107993786781134,0.385322437093139,0.255496105565363,0.987519423912982,""
"560","1-(1-enyl-oleoyl)-GPE (P-18:1)*","Lipid","Lysoplasmalogen",-0.0419866529766186,-0.290733435387347,0.212076393049515,0.747995272142777,0.996044105356003,""
"561","fructosyllysine","Amino Acid","Lysine Metabolism",-0.0358749001942236,-0.285119853921422,0.217914487848866,0.783712921227043,0.996044105356003,""
"562","N-methylpipecolate","Xenobiotics","Bacterial/Fungal",0.220275053711805,-0.0333982822165771,0.447284972738079,0.088039041865816,0.987519423912982,""
"563","O-sulfo-L-tyrosine","Xenobiotics","Chemical",0.0897416274933676,-0.16582659402777,0.334014048818289,0.491582490635945,0.987519423912982,""
"564","3-(3-hydroxyphenyl)propionate sulfate","Xenobiotics","Benzoate Metabolism",-0.0179644655762055,-0.26857023981,0.234919005893074,0.890702496010787,0.996044105356003,""
"565","11-ketoetiocholanolone glucuronide","Lipid","Androgenic Steroids",0.236404165568324,-0.0163924394761725,0.460793206825957,0.0666134919553324,0.971901767872883,""
"566","etiocholanolone glucuronide","Lipid","Androgenic Steroids",0.0986354409215759,-0.15708709804804,0.341962364944626,0.449483044302013,0.987519423912982,""
"567","17alpha-hydroxypregnanolone glucuronide","Lipid","Pregnenolone Steroids",0.303054873271966,0.0554671366606031,0.515532491323056,0.0175921151312773,0.824051708780884,""
"568","N-acetyltaurine","Amino Acid","Methionine, Cysteine, SAM and Taurine Metabolism",0.0592894459323644,-0.195449413811675,0.306533543460728,0.649911456417725,0.996044105356003,""
"569","1-oleoyl-GPG (18:1)*","Lipid","Lysophospholipid",0.0113361415761277,-0.241173068283124,0.262407791468059,0.930902676425465,0.996044105356003,""
"570","1-palmitoyl-GPG (16:0)*","Lipid","Lysophospholipid",-0.0733721164910656,-0.319293392614834,0.181807816555051,0.574144895771311,0.996044105356003,""
"571","N-linoleoyltaurine*","Lipid","Endocannabinoid",-0.0569281662606206,-0.304385330636224,0.197727128123804,0.662997369158003,0.996044105356003,""
"572","methyl glucopyranoside (alpha + beta)","Xenobiotics","Food Component/Plant",0.055410835953499,-0.199189310541763,0.303003584839744,0.671459729677215,0.996044105356003,""
"573","2-keto-3-deoxy-gluconate","Xenobiotics","Food Component/Plant",0.136693686687211,-0.119231267386014,0.375585893433523,0.293503997242387,0.987519423912982,""
"574","sphingomyelin (d18:2/14:0, d18:1/14:1)*","Lipid","Sphingomyelins",0.00870541494890027,-0.243649453361749,0.259956276750623,0.946911211610049,0.996044105356003,""
"575","sphingomyelin (d18:1/24:1, d18:2/24:0)*","Lipid","Sphingomyelins",-0.169451480947752,-0.404031625970277,0.0860407364887296,0.191707940883912,0.987519423912982,""
"576","octadecenedioylcarnitine (C18:1-DC)*","Lipid","Fatty Acid Metabolism (Acyl Carnitine, Dicarboxylate)",0.105785977520054,-0.15003146513629,0.348327582166991,0.417134477172363,0.987519423912982,""
"577","octadecanedioylcarnitine (C18-DC)*","Lipid","Fatty Acid Metabolism (Acyl Carnitine, Dicarboxylate)",0.135779762720741,-0.120149134738989,0.374785766745621,0.296773994659049,0.987519423912982,""
"578","5alpha-androstan-3alpha,17beta-diol monosulfate (2)","Lipid","Androgenic Steroids",0.00800128490956049,-0.24431171519307,0.259299563944421,0.951199802137724,0.996044105356003,""
"579","myristoleoylcarnitine (C14:1)*","Lipid","Fatty Acid Metabolism (Acyl Carnitine, Monounsaturated)",0.0924774416490078,-0.16314251750393,0.336462724963464,0.47841704936514,0.987519423912982,""
"580","N-formylphenylalanine","Amino Acid","Tyrosine Metabolism",0.0431369226566977,-0.210975596084726,0.2917880348355,0.741329011123547,0.996044105356003,""
"581","4-hydroxychlorothalonil","Xenobiotics","Chemical",-0.12783170036595,-0.367812313365886,0.128113085093937,0.32620914440788,0.987519423912982,""
"582","tyramine O-sulfate","Amino Acid","Tyrosine Metabolism",-0.210257034577509,-0.438842351672536,0.0438874149723255,0.103859271632135,0.987519423912982,""
"583","3-hydroxypyridine sulfate","Xenobiotics","Chemical",0.0251862750199105,-0.228081051256334,0.275261190181801,0.84721578776059,0.996044105356003,""
"584","4-methylguaiacol sulfate","Xenobiotics","Benzoate Metabolism",0.05706995682157,-0.197590433069783,0.304514397995782,0.662208699853973,0.996044105356003,""
"585","phenylacetylcarnitine","Peptide","Acetylated Peptides",0.0434151554020978,-0.210709233195189,0.292043035635668,0.739719359890454,0.996044105356003,""
"586","arabonate/xylonate","Carbohydrate","Pentose Metabolism",0.0338661611851512,-0.219829326658354,0.2832711070363,0.795553857759272,0.996044105356003,""
"587","methyl-4-hydroxybenzoate sulfate","Xenobiotics","Benzoate Metabolism",0.0504119904596034,-0.203998465130837,0.298444046544269,0.699622360289821,0.996044105356003,""
"588","1-dihomo-linolenylglycerol (20:3)","Lipid","Monoacylglycerol",0.00277738651911453,-0.249217656186421,0.254420183144133,0.983051532976758,0.996044105356003,""
"589","4-vinylguaiacol sulfate","Xenobiotics","Food Component/Plant",0.0306291518800816,-0.222910911385074,0.280288013826361,0.81473089821603,0.996044105356003,""
"590","vanillactate","Amino Acid","Tyrosine Metabolism",0.142680554397421,-0.11320772956733,0.380818513656552,0.272667342186519,0.987519423912982,""
"591","eugenol sulfate","Xenobiotics","Food Component/Plant",0.342600166327651,0.099350801168343,0.547210924644628,0.00687661804650495,0.680021117932156,""
"592","pregnanolone/allopregnanolone sulfate","Lipid","Progestin Steroids",-0.12692288503799,-0.367013215643064,0.129021619040997,0.329688762584156,0.987519423912982,""
"593","2-methoxyresorcinol sulfate","Xenobiotics","Chemical",-0.0387793988881623,-0.287789739592091,0.215142302994191,0.766678341655698,0.996044105356003,""
"594","2-acetamidophenol sulfate","Xenobiotics","Food Component/Plant",0.0182028738002327,-0.234693668382379,0.268791509843703,0.889261048629213,0.996044105356003,""
"595","p-cresol glucuronide*","Amino Acid","Tyrosine Metabolism",0.065309056113399,-0.189630377210746,0.311998611418962,0.617031422950673,0.996044105356003,""
"596","acesulfame","Xenobiotics","Food Component/Plant",-0.174786249686431,-0.408621590074549,0.0805812574485502,0.17789004657908,0.987519423912982,""
"597","6-hydroxyindole sulfate","Xenobiotics","Chemical",0.0304065671400458,-0.223122622719051,0.280082711636692,0.816053680389354,0.996044105356003,""
"598","4-methoxyphenol sulfate","Amino Acid","Tyrosine Metabolism",-0.046216455754549,-0.294608464245993,0.208025336622562,0.723575999739879,0.996044105356003,""
"599","umbelliferone sulfate","Xenobiotics","Food Component/Plant",0.100420058793996,-0.155328607255682,0.343553077917225,0.441282348060453,0.987519423912982,""
"600","sphingomyelin (d18:1/20:0, d16:1/22:0)*","Lipid","Sphingomyelins",-0.118927220098201,-0.359967528986529,0.136996331681824,0.3613052160108,0.987519423912982,""
"601","sphingomyelin (d18:1/20:1, d18:2/20:0)*","Lipid","Sphingomyelins",0.00531431424128877,-0.246836755164954,0.256791400981344,0.967576742404592,0.996044105356003,""
"602","sphingomyelin (d18:1/20:2, d18:2/20:1, d16:1/22:2)*","Lipid","Sphingomyelins",0.0135761064791322,-0.239061924317197,0.264492612636287,0.917293199217124,0.996044105356003,""
"603","behenoyl sphingomyelin (d18:1/22:0)*","Lipid","Sphingomyelins",-0.185015686294118,-0.417389901364897,0.0700696529701096,0.153441156048051,0.987519423912982,""
"604","sphingomyelin (d18:1/22:1, d18:2/22:0, d16:1/24:1)*","Lipid","Sphingomyelins",-0.177465591517055,-0.410922406873046,0.0778334884393499,0.17122922659992,0.987519423912982,""
"605","sphingomyelin (d18:1/22:2, d18:2/22:1, d16:1/24:2)*","Lipid","Sphingomyelins",-0.0387072122955602,-0.287723430795046,0.215211250765714,0.767100416526677,0.996044105356003,""
"606","lignoceroyl sphingomyelin (d18:1/24:0)","Lipid","Sphingomyelins",-0.135194093188023,-0.374272834625506,0.120737101362063,0.29888193887024,0.987519423912982,""
"607","sphingomyelin (d17:1/16:0, d18:1/15:0, d16:1/17:0)*","Lipid","Sphingomyelins",-0.151066993122398,-0.388122839951078,0.104738174765917,0.245176166023333,0.987519423912982,""
"608","dopamine 4-sulfate","Amino Acid","Tyrosine Metabolism",-0.106614789475067,-0.349063924771999,0.149211964759717,0.413473561108254,0.987519423912982,""
"609","dopamine 3-O-sulfate","Amino Acid","Tyrosine Metabolism",-0.0762347867156912,-0.321876305238392,0.179022741419576,0.559256823044946,0.996044105356003,""
"610","3-hydroxyhexanoate","Lipid","Fatty Acid, Monohydroxy",0.140235818774841,-0.115669713751828,0.378683615690171,0.281053637848025,0.987519423912982,""
"611","3beta-hydroxy-5-cholestenoate","Lipid","Sterol",-0.0160077971828767,-0.266753228491018,0.236767373666293,0.902545653897087,0.996044105356003,""
"612","1,2,3-benzenetriol sulfate (2)","Xenobiotics","Chemical",0.152034453397253,-0.10375873315058,0.388963556018248,0.242131325102466,0.987519423912982,""
"613","3-methoxycatechol sulfate (1)","Xenobiotics","Benzoate Metabolism",0.09363477368536,-0.162005932005242,0.337497596805768,0.472904720310419,0.987519423912982,""
"614","3-methoxycatechol sulfate (2)","Xenobiotics","Benzoate Metabolism",-0.0825870904838902,-0.32759479398157,0.172827976510493,0.526887789592365,0.987519423912982,""
"615","N-acetylkynurenine (2)","Amino Acid","Tryptophan Metabolism",-0.0367496316001455,-0.285924335477119,0.217080035378009,0.778571673256727,0.996044105356003,""
"616","C-glycosyltryptophan","Amino Acid","Tryptophan Metabolism",0.229412375180181,-0.0237822853205564,0.45495027559354,0.0753212040617735,0.987519423912982,""
"617","arabitol/xylitol","Carbohydrate","Pentose Metabolism",-0.174308528167648,-0.408211046418499,0.0810707720258597,0.179097130744848,0.987519423912982,""
"618","N-acetylglucosamine/N-acetylgalactosamine","Carbohydrate","Aminosugar Metabolism",0.281558621472606,0.0320072716557778,0.498065379452189,0.0279326619868787,0.841634979113175,""
"619","adipoylcarnitine (C6-DC)","Lipid","Fatty Acid Metabolism (Acyl Carnitine, Dicarboxylate)",0.0870474549371709,-0.168466121145952,0.331599417181828,0.504730357821114,0.987519423912982,""
"620","nonanoylcarnitine (C9)","Lipid","Fatty Acid Metabolism (Acyl Carnitine, Medium Chain)",0.0161707229477478,-0.236613535565984,0.26690459350434,0.901558667456503,0.996044105356003,""
"621","glycochenodeoxycholate 3-sulfate","Lipid","Primary Bile Acid Metabolism",0.298744870071236,0.0507414155789175,0.512044427925619,0.0193517416451951,0.841634979113175,""
"622","glycodeoxycholate 3-sulfate","Lipid","Secondary Bile Acid Metabolism",0.322972611358987,0.0774510601536639,0.531560866337865,0.0111250051757904,0.73979830650654,""
"623","taurodeoxycholic acid 3-sulfate","Lipid","Secondary Bile Acid Metabolism",0.407165552547227,0.173092455625081,0.597702248117308,0.00112744372731865,0.501992911141805,""
"624","linoleoyl ethanolamide","Lipid","Endocannabinoid",-0.0156320018669117,-0.266404051370335,0.237122159563855,0.904822738020788,0.996044105356003,""
"625","1,2-dilinoleoyl-GPC (18:2/18:2)","Lipid","Phosphatidylcholine (PC)",-0.215156968366199,-0.442976787878819,0.0387640448323153,0.0958666802351701,0.987519423912982,""
"626","1-stearoyl-2-oleoyl-GPC (18:0/18:1)","Lipid","Phosphatidylcholine (PC)",-0.0660631186062337,-0.312682059062038,0.188900175680958,0.612963122627366,0.996044105356003,""
"627","1-palmitoyl-2-arachidonoyl-GPC (16:0/20:4n6)","Lipid","Phosphatidylcholine (PC)",-0.139735490989216,-0.378246384766826,0.116173184241209,0.282790740178335,0.987519423912982,""
"628","1-palmitoyl-2-docosahexaenoyl-GPC (16:0/22:6)","Lipid","Phosphatidylcholine (PC)",-0.148578895503496,-0.385958887299117,0.107254808681844,0.253126677239625,0.987519423912982,""
"629","1-stearoyl-2-docosahexaenoyl-GPC (18:0/22:6)","Lipid","Phosphatidylcholine (PC)",-0.190261992830341,-0.421870125944126,0.0646565661086099,0.14191285786364,0.987519423912982,""
"630","1-(1-enyl-stearoyl)-2-oleoyl-GPE (P-18:0/18:1)","Lipid","Plasmalogen",-0.0176957509848399,-0.26832081030171,0.235172955646999,0.892327601450941,0.996044105356003,""
"631","sphingomyelin (d18:1/17:0, d17:1/18:0, d19:1/16:0)","Lipid","Sphingomyelins",-0.0757349872162092,-0.321425612501668,0.179509288387258,0.561842957337469,0.996044105356003,""
"632","1-palmitoyl-2-stearoyl-GPC (16:0/18:0)","Lipid","Phosphatidylcholine (PC)",-0.134887305180869,-0.37400408985113,0.121045020989687,0.299990008016716,0.987519423912982,""
"633","2-hydroxybutyrate/2-hydroxyisobutyrate","Amino Acid","Glutathione Metabolism",0.11973936787619,-0.136187822950724,0.360684440830374,0.358011892937678,0.987519423912982,""
"634","2-methylcitrate/homocitrate","Energy","TCA Cycle",-0.101055098134593,-0.344118781698269,0.15470247375547,0.438384482889494,0.987519423912982,""
"635","oleate/vaccenate (18:1)","Lipid","Long Chain Monounsaturated Fatty Acid",0.0739154327581245,-0.181279541917394,0.31978389378786,0.571305224243252,0.996044105356003,""
"636","3-hydroxystearate","Lipid","Fatty Acid, Monohydroxy",-0.100365308513492,-0.343504297178604,0.155382580093985,0.441532688754424,0.987519423912982,""
"637","2-hydroxylaurate","Lipid","Fatty Acid, Monohydroxy",-0.0603215542892922,-0.307471730555027,0.194452967753383,0.64422422657226,0.996044105356003,""
"638","palmitoyl dihydrosphingomyelin (d18:0/16:0)*","Lipid","Dihydrosphingomyelins",-0.170803871940117,-0.405196323971416,0.0846581811259434,0.188134401147074,0.987519423912982,""
"639","tricosanoyl sphingomyelin (d18:1/23:0)*","Lipid","Sphingomyelins",0.0508288321899435,-0.203597909988145,0.298824688658863,0.697257856022895,0.996044105356003,""
"640","sphingomyelin (d18:2/23:0, d18:1/23:1, d17:1/24:1)*","Lipid","Sphingomyelins",-0.0744592631668423,-0.320274727187671,0.180750619845297,0.568469403252479,0.996044105356003,""
"641","sphingomyelin (d18:2/24:1, d18:1/24:2)*","Lipid","Sphingomyelins",-0.170607425663796,-0.405027188914761,0.0848590701166921,0.18865049388987,0.987519423912982,""
"642","1-stearoyl-2-linoleoyl-GPE (18:0/18:2)*","Lipid","Phosphatidylethanolamine (PE)",0.00277632343848763,-0.24921865324713,0.254419188868385,0.983058019271611,0.996044105356003,""
"643","1-stearoyl-2-arachidonoyl-GPE (18:0/20:4)","Lipid","Phosphatidylethanolamine (PE)",0.0783052752267076,-0.177005822517699,0.323742177109523,0.548603794413274,0.996044105356003,""
"644","1-stearoyl-2-linoleoyl-GPC (18:0/18:2)*","Lipid","Phosphatidylcholine (PC)",-0.175469905524868,-0.409208944726444,0.079880510497744,0.176172897676243,0.987519423912982,""
"645","1-palmitoyl-2-palmitoleoyl-GPC (16:0/16:1)*","Lipid","Phosphatidylcholine (PC)",-0.0556348599064129,-0.303207656144248,0.198973500123743,0.670207729066634,0.996044105356003,""
"646","1-palmitoyl-2-dihomo-linolenoyl-GPC (16:0/20:3n3 or 6)*","Lipid","Phosphatidylcholine (PC)",-0.180098989262271,-0.413180876227322,0.075129052136249,0.164861743254935,0.987519423912982,""
"647","1-palmitoyl-2-arachidonoyl-GPE (16:0/20:4)*","Lipid","Phosphatidylethanolamine (PE)",0.0155059653300364,-0.237241134737244,0.266286927465258,0.9055866121642,0.996044105356003,""
"648","1-palmitoyl-2-docosahexaenoyl-GPE (16:0/22:6)*","Lipid","Phosphatidylethanolamine (PE)",-0.17238023335384,-0.406552948834254,0.0830454173350497,0.184029783709111,0.987519423912982,""
"649","1-stearoyl-2-docosahexaenoyl-GPE (18:0/22:6)*","Lipid","Phosphatidylethanolamine (PE)",-0.138123123512896,-0.3768366302102,0.117794785158013,0.28843691221136,0.987519423912982,""
"650","1-palmitoyl-2-arachidonoyl-GPI (16:0/20:4)*","Lipid","Phosphatidylinositol (PI)",0.0224335408725415,-0.230690421569809,0.272713657466183,0.863745440880133,0.996044105356003,""
"651","1-stearoyl-2-linoleoyl-GPI (18:0/18:2)","Lipid","Phosphatidylinositol (PI)",-0.00722225722630316,-0.258572726347709,0.245044147029881,0.955946166081062,0.996044105356003,""
"652","gamma-tocopherol/beta-tocopherol","Cofactors and Vitamins","Tocopherol Metabolism",0.140427032872649,-0.115477263846456,0.378850687471714,0.280391624199739,0.987519423912982,""
"653","1-(1-enyl-stearoyl)-2-arachidonoyl-GPE (P-18:0/20:4)*","Lipid","Plasmalogen",-0.0791030282870491,-0.32446058286931,0.176228136965004,0.544525433064353,0.996044105356003,""
"654","1-(1-enyl-palmitoyl)-2-arachidonoyl-GPE (P-16:0/20:4)*","Lipid","Plasmalogen",-0.0526144847337908,-0.300454377959901,0.201881060912993,0.68716150204107,0.996044105356003,""
"655","1-(1-enyl-palmitoyl)-2-oleoyl-GPE (P-16:0/18:1)*","Lipid","Plasmalogen",-0.0342091900744226,-0.28358694564269,0.219502471296647,0.793528469907386,0.996044105356003,""
"656","1-(1-enyl-palmitoyl)-2-oleoyl-GPC (P-16:0/18:1)*","Lipid","Plasmalogen",-0.183445743628422,-0.41604700694563,0.0716865890902866,0.157022258769135,0.987519423912982,""
"657","1-(1-enyl-palmitoyl)-2-linoleoyl-GPC (P-16:0/18:2)*","Lipid","Plasmalogen",-0.181436002158342,-0.414326436360187,0.0737545333932122,0.161696167235434,0.987519423912982,""
"658","1-(1-enyl-palmitoyl)-2-arachidonoyl-GPC (P-16:0/20:4)*","Lipid","Plasmalogen",-0.189104532348732,-0.420882652928073,0.0658521134708921,0.144398789598413,0.987519423912982,""
"659","sphingomyelin (d18:1/21:0, d17:1/22:0, d16:1/23:0)*","Lipid","Sphingomyelins",-0.0344770429988921,-0.283833529516696,0.219247207809726,0.79194789486431,0.996044105356003,""
"660","behenoyl dihydrosphingomyelin (d18:0/22:0)*","Lipid","Dihydrosphingomyelins",0.0733658563943246,-0.181813902483716,0.319287740286301,0.574177652414368,0.996044105356003,""
"661","sphingomyelin (d18:0/18:0, d19:0/17:0)*","Lipid","Dihydrosphingomyelins",0.128220483100382,-0.127724291494028,0.368154051721926,0.324727725166272,0.987519423912982,""
"662","N-palmitoyl-sphinganine (d18:0/16:0)","Lipid","Dihydroceramides",0.0364651915576836,-0.217351418460155,0.28566277740196,0.780242450232826,0.996044105356003,""
"663","lactosyl-N-palmitoyl-sphingosine (d18:1/16:0)","Lipid","Lactosylceramides (LCER)",-0.164831793088277,-0.400047341455874,0.0907560540028755,0.204281291865668,0.987519423912982,""
"664","myristoyl dihydrosphingomyelin (d18:0/14:0)*","Lipid","Dihydrosphingomyelins",0.0164038275416883,-0.236393411025986,0.267121136146671,0.900146803506615,0.996044105356003,""
"665","5-hydroxyindole sulfate","Amino Acid","Tryptophan Metabolism",0.0368390077519595,-0.21699475385445,0.286006514039838,0.778046890653675,0.996044105356003,""
"666","palmitoyl-linoleoyl-glycerol (16:0/18:2) [1]*","Lipid","Diacylglycerol",0.166346227492147,-0.0892115317132179,0.401354457080642,0.200096697896933,0.987519423912982,""
"667","palmitoyl-linoleoyl-glycerol (16:0/18:2) [2]*","Lipid","Diacylglycerol",0.0876212408671128,-0.16790428015271,0.332113937112252,0.501915167202957,0.987519423912982,""
"668","1-palmitoyl-2-oleoyl-GPI (16:0/18:1)*","Lipid","Phosphatidylinositol (PI)",-0.0211365777300837,-0.271512158342484,0.231918577728268,0.871554097076996,0.996044105356003,""
"669","1-(1-enyl-palmitoyl)-2-linoleoyl-GPE (P-16:0/18:2)*","Lipid","Plasmalogen",-0.0357620218749604,-0.285016015294116,0.218022141413598,0.784377041174484,0.996044105356003,""
"670","1-oleoyl-2-linoleoyl-GPE (18:1/18:2)*","Lipid","Phosphatidylethanolamine (PE)",-0.0491656953510505,-0.297305512125562,0.205195557893982,0.706708743910846,0.996044105356003,""
"671","1-linoleoyl-GPA (18:2)*","Lipid","Lysophospholipid",-0.114173497717121,-0.355765531356301,0.141721924407676,0.38095090479964,0.987519423912982,""
"672","1-oleoyl-2-docosahexaenoyl-GPC (18:1/22:6)*","Lipid","Phosphatidylcholine (PC)",-0.0378637854698242,-0.286948503077472,0.216016647733215,0.772036890161913,0.996044105356003,""
"673","1-linoleoyl-2-arachidonoyl-GPC (18:2/20:4n6)*","Lipid","Phosphatidylcholine (PC)",-0.193106459974326,-0.424294515550615,0.0617153879595902,0.13593988789727,0.987519423912982,""
"674","1-myristoyl-2-arachidonoyl-GPC (14:0/20:4)*","Lipid","Phosphatidylcholine (PC)",0.0263177916609418,-0.227007408459839,0.276307340853244,0.84043976911076,0.996044105356003,""
"675","1-(1-enyl-palmitoyl)-2-palmitoleoyl-GPC (P-16:0/16:1)*","Lipid","Plasmalogen",-0.158453636560847,-0.394531802357054,0.0972474620981071,0.222585059080607,0.987519423912982,""
"676","1-(1-enyl-palmitoyl)-2-palmitoyl-GPC (P-16:0/16:0)*","Lipid","Plasmalogen",-0.303372734688724,-0.515789456418322,-0.055816096902518,0.0174679362500694,0.824051708780884,""
"677","1-stearoyl-2-oleoyl-GPI (18:0/18:1)*","Lipid","Phosphatidylinositol (PI)",0.0817556997912789,-0.173639899382839,0.326847376663619,0.531070649694901,0.987519423912982,""
"678","1-(1-enyl-stearoyl)-2-linoleoyl-GPE (P-18:0/18:2)*","Lipid","Plasmalogen",-0.0513586637996384,-0.299308394452897,0.203088656675345,0.694256557274502,0.996044105356003,""
"679","1-linoleoyl-GPG (18:2)*","Lipid","Lysophospholipid",-0.150495147766198,-0.387625724831036,0.105316868791025,0.246988162408752,0.987519423912982,""
"680","thioproline","Xenobiotics","Chemical",-0.0866060537624676,-0.331203509038851,0.168898220381321,0.506901528855223,0.987519423912982,""
"681","palmitoylcholine","Lipid","Fatty Acid Metabolism (Acyl Choline)",-0.101230862679568,-0.344275324552376,0.154529137836509,0.437584306817536,0.987519423912982,""
"682","isocitric lactone","Energy","TCA Cycle",0.0250816786010479,-0.228180266777361,0.275164455005902,0.847842720935474,0.996044105356003,""
"683","(S)-3-hydroxybutyrylcarnitine","Lipid","Fatty Acid Metabolism (Acyl Carnitine, Hydroxy)",0.127839784197016,-0.12810500183773,0.367819419678678,0.326178298248242,0.987519423912982,""
"684","glycosyl-N-palmitoyl-sphingosine (d18:1/16:0)","Lipid","Hexosylceramides (HCER)",-0.0174154490877869,-0.268060589269867,0.235437819243759,0.894023252928636,0.996044105356003,""
"685","ascorbic acid 2-sulfate","Cofactors and Vitamins","Ascorbate and Aldarate Metabolism",0.272731203939549,0.022452487728156,0.490841271976799,0.0334594937708102,0.841634979113175,""
"686","oleoylcholine","Lipid","Fatty Acid Metabolism (Acyl Choline)",-0.0370268895537011,-0.286179253501912,0.216815466928247,0.776944042324119,0.996044105356003,""
"687","arachidonoylcholine","Lipid","Fatty Acid Metabolism (Acyl Choline)",-0.1415523770747,-0.379833633159265,0.114344257214592,0.276516423920426,0.987519423912982,""
"688","docosahexaenoylcholine","Lipid","Fatty Acid Metabolism (Acyl Choline)",-0.14818783301246,-0.385618534015627,0.107650058415092,0.254392014957455,0.987519423912982,""
"689","dihomo-linolenoyl-choline","Lipid","Fatty Acid Metabolism (Acyl Choline)",-0.0361344119502141,-0.285358560880142,0.21766696458927,0.782186665745698,0.996044105356003,""
"690","caffeic acid sulfate","Xenobiotics","Food Component/Plant",0.130843017071764,-0.125099627714941,0.370457555536128,0.314846498147804,0.987519423912982,""
"691","1-linoleoyl-2-linolenoyl-GPC (18:2/18:3)*","Lipid","Phosphatidylcholine (PC)",-0.130904860570306,-0.370511840251322,0.125037690726907,0.314615832152738,0.987519423912982,""
"692","hexadecadienoate (16:2n6)","Lipid","Long Chain Polyunsaturated Fatty Acid (n3 and n6)",0.0719275628177733,-0.183211661901277,0.317988620979073,0.581726431691637,0.996044105356003,""
"693","palmitoleoylcarnitine (C16:1)*","Lipid","Fatty Acid Metabolism (Acyl Carnitine, Monounsaturated)",-0.0427941209136558,-0.291473807825196,0.2113037214722,0.743313728205083,0.996044105356003,""
"694","3-methylglutarate/2-methylglutarate","Lipid","Fatty Acid, Dicarboxylate",-0.0213327923790711,-0.271693980570306,0.231732824515483,0.870371940665847,0.996044105356003,""
"695","4-hydroxyphenylacetylglutamine","Peptide","Acetylated Peptides",-0.135969251517012,-0.374951690598847,0.119958864287112,0.296094065269218,0.987519423912982,""
"696","2,3-dihydroxy-2-methylbutyrate","Amino Acid","Leucine, Isoleucine and Valine Metabolism",0.0501651379556668,-0.204235632611027,0.298218594147177,0.701023953808345,0.996044105356003,""
"697","2'-O-methyluridine","Nucleotide","Pyrimidine Metabolism, Uracil containing",-0.161631432622001,-0.397281943626399,0.0940159576882652,0.213327507557727,0.987519423912982,""
"698","gamma-glutamyl-alpha-lysine","Peptide","Gamma-glutamyl Amino Acid",-0.0936837943329143,-0.337541417447054,0.161957775132315,0.472671991205421,0.987519423912982,""
"699","palmitoyl-oleoyl-glycerol (16:0/18:1) [2]*","Lipid","Diacylglycerol",-0.00257608314662424,-0.254231899074159,0.249406448598508,0.984279787155439,0.996044105356003,""
"700","oleoyl-oleoyl-glycerol (18:1/18:1)  [1]*","Lipid","Diacylglycerol",0.110729229984456,-0.145138539945844,0.352714896258751,0.395576218388334,0.987519423912982,""
"701","oleoyl-oleoyl-glycerol (18:1/18:1) [2]*","Lipid","Diacylglycerol",0.111667123884394,-0.144208780093144,0.353546111694923,0.391561284737109,0.987519423912982,""
"702","linoleoyl-arachidonoyl-glycerol (18:2/20:4) [1]*","Lipid","Diacylglycerol",-0.117359537021536,-0.358582873633484,0.138556026560983,0.367714429018196,0.987519423912982,""
"703","linoleoyl-linolenoyl-glycerol (18:2/18:3) [1]*","Lipid","Diacylglycerol",0.09336680915374,-0.162269153314464,0.337258038701399,0.474177986867223,0.987519423912982,""
"704","linoleoyl-linolenoyl-glycerol (18:2/18:3) [2]*","Lipid","Diacylglycerol",-0.00760492774583105,-0.258929795852441,0.244684401094228,0.953614477837558,0.996044105356003,""
"705","linoleoyl-docosahexaenoyl-glycerol (18:2/22:6) [1]*","Lipid","Diacylglycerol",-0.0562852307818929,-0.303799973240293,0.198346834277105,0.666578071155423,0.996044105356003,""
"706","oleoyl-arachidonoyl-glycerol (18:1/20:4) [1]*","Lipid","Diacylglycerol",0.0426309026908449,-0.211459931716699,0.291324176030158,0.744259296970763,0.996044105356003,""
"707","oleoyl-arachidonoyl-glycerol (18:1/20:4) [2]*","Lipid","Diacylglycerol",-0.0920480383600348,-0.336078607962146,0.163564050733348,0.480470946585556,0.987519423912982,""
"708","diacylglycerol (16:1/18:2 [2], 16:0/18:3 [1])*","Lipid","Diacylglycerol",0.118893258984,-0.137030133198178,0.359937544096527,0.36144333291092,0.987519423912982,""
"709","linoleoyl-linoleoyl-glycerol (18:2/18:2) [1]*","Lipid","Diacylglycerol",0.166289327903591,-0.089269583979186,0.401305364072683,0.200252808348089,0.987519423912982,""
"710","linoleoyl-linoleoyl-glycerol (18:2/18:2) [2]*","Lipid","Diacylglycerol",0.126801775210613,-0.129142658934573,0.366906700152219,0.330154222755008,0.987519423912982,""
"711","perfluorooctanesulfonate (PFOS)","Xenobiotics","Chemical",0.279855088074075,0.0301598109350672,0.496673592491097,0.0289350244569784,0.841634979113175,""
"712","N-palmitoyl-sphingadienine (d18:2/16:0)*","Lipid","Ceramides",0.0673330829192803,-0.18766975950458,0.31383251954987,0.606137680047464,0.996044105356003,""
"713","lactosyl-N-nervonoyl-sphingosine (d18:1/24:1)*","Lipid","Lactosylceramides (LCER)",-0.0433698601480502,-0.292001524864518,0.210752598652626,0.739981329637389,0.996044105356003,""
"714","glycosyl-N-behenoyl-sphingosine (d18:1/22:0)*","Lipid","Hexosylceramides (HCER)",-0.00474738215124039,-0.256261762958457,0.247369083935337,0.971034092546177,0.996044105356003,""
"715","lactosyl-N-behenoyl-sphingosine (d18:1/22:0)*","Lipid","Lactosylceramides (LCER)",-0.000391680861759496,-0.252187545753873,0.251453859876471,0.997609671205003,0.998731841813782,""
"716","N-behenoyl-sphingadienine (d18:2/22:0)*","Lipid","Ceramides",0.0445875679459371,-0.209586422983876,0.293117165626788,0.732948906264477,0.996044105356003,""
"717","glycosyl-N-behenoyl-sphingadienine (d18:2/22:0)*","Lipid","Hexosylceramides (HCER)",-0.0652150221878992,-0.311913365475758,0.189721415828455,0.617539560078648,0.996044105356003,""
"718","2-hydroxynervonate*","Lipid","Fatty Acid, Monohydroxy",0.0115635390024102,-0.240958857475017,0.262619545919151,0.929520101588817,0.996044105356003,""
"719","N-palmitoylserine","Lipid","Endocannabinoid",-0.0334172000210682,-0.28285765115196,0.220257033633095,0.79820674200498,0.996044105356003,""
"720","N-oleoylserine","Lipid","Endocannabinoid",-0.0555126677009355,-0.303096349778019,0.199091215378791,0.670890513149079,0.996044105356003,""
"721","sphingadienine","Lipid","Sphingolipid Synthesis",0.0979821344462617,-0.157730434812112,0.341379693584959,0.452506044016741,0.987519423912982,""
"722","hexadecasphingosine (d16:1)*","Lipid","Sphingosines",0.15685842503805,-0.098867604559713,0.393149671604308,0.227336354704744,0.987519423912982,""
"723","ceramide (d16:1/24:1, d18:1/22:1)*","Lipid","Ceramides",0.141672362461852,-0.114223415565946,0.379938404132464,0.276105355037065,0.987519423912982,""
"724","ceramide (d18:1/14:0, d16:1/16:0)*","Lipid","Ceramides",-0.0819231867879915,-0.326997971550703,0.173476362178379,0.530226677495637,0.987519423912982,""
"725","ceramide (d18:2/24:1, d18:1/24:2)*","Lipid","Ceramides",0.014389940323811,-0.238294302259861,0.265249498584838,0.912354180525712,0.996044105356003,""
"726","glycosyl ceramide (d18:2/24:1, d18:1/24:2)*","Lipid","Hexosylceramides (HCER)",0.111122112716639,-0.144749119549622,0.353063137986014,0.39389142597475,0.987519423912982,""
"727","glycosyl-N-tricosanoyl-sphingadienine (d18:2/23:0)*","Lipid","Hexosylceramides (HCER)",0.0321464876240636,-0.221467060955214,0.281686928047266,0.805727525979684,0.996044105356003,""
"728","glycosyl ceramide (d18:1/23:1, d17:1/24:1)*","Lipid","Hexosylceramides (HCER)",0.0837983218346252,-0.171644485763832,0.328683138195797,0.520823359284258,0.987519423912982,""
"729","glycosyl-N-(2-hydroxynervonoyl)-sphingosine (d18:1/24:1(2OH))*","Lipid","Hexosylceramides (HCER)",0.024152362607848,-0.229061543771853,0.274304761994146,0.853416959210375,0.996044105356003,""
"730","ceramide (d18:1/20:0, d16:1/22:0, d20:1/18:0)*","Lipid","Ceramides",0.1150747759967,-0.140826874466002,0.356562956921227,0.377177928597873,0.987519423912982,""
"731","stearoylcholine*","Lipid","Fatty Acid Metabolism (Acyl Choline)",-0.109373175440018,-0.351512407209539,0.146482035328687,0.401423868440342,0.987519423912982,""
"732","linoleoylcholine*","Lipid","Fatty Acid Metabolism (Acyl Choline)",-0.0885418495845086,-0.332939152831892,0.167002489477795,0.497415319606331,0.987519423912982,""
"733","docosatrienoate (22:3n6)*","Lipid","Long Chain Polyunsaturated Fatty Acid (n3 and n6)",-0.0614145213564949,-0.308464714685626,0.193397192278586,0.638223696281588,0.996044105356003,""
"734","nisinate (24:6n3)","Lipid","Long Chain Polyunsaturated Fatty Acid (n3 and n6)",-0.0544961908613433,-0.302170166756252,0.200070165244508,0.676580589772291,0.996044105356003,""
"735","sphingomyelin (d18:0/20:0, d16:0/22:0)*","Lipid","Dihydrosphingomyelins",0.0942263148877019,-0.161424732810051,0.338026318004667,0.470100442415853,0.987519423912982,""
"736","sphingomyelin (d18:1/19:0, d19:1/18:0)*","Lipid","Sphingomyelins",-0.00666794297973425,-0.258055374404421,0.245565130895101,0.95932436033101,0.996044105356003,""
"737","sphingomyelin (d18:2/18:1)*","Lipid","Sphingomyelins",0.0238149028727317,-0.229381456548179,0.273992485252727,0.85544289681661,0.996044105356003,""
"738","sphingomyelin (d18:2/24:2)*","Lipid","Sphingomyelins",-0.135552034515211,-0.374586338700528,0.120377777466809,0.297592480919609,0.987519423912982,""
"739","sphingomyelin (d18:2/21:0, d16:2/23:0)*","Lipid","Sphingomyelins",-0.108639602585432,-0.350861574139765,0.147208420968164,0.404608177186399,0.987519423912982,""
"740","sphingomyelin (d18:2/23:1)*","Lipid","Sphingomyelins",-0.0404842956010373,-0.289355121280748,0.213513164251708,0.756729672080443,0.996044105356003,""
"741","sphingomyelin (d17:2/16:0, d18:2/15:0)*","Lipid","Sphingomyelins",-0.083911385016555,-0.328784697219289,0.171533974410124,0.520259064080697,0.987519423912982,""
"742","linolenoylcarnitine (C18:3)*","Lipid","Fatty Acid Metabolism (Acyl Carnitine, Polyunsaturated)",0.0873882670295343,-0.16813242401623,0.331905044543923,0.50305723956836,0.987519423912982,""
"743","behenoylcarnitine (C22)*","Lipid","Fatty Acid Metabolism (Acyl Carnitine, Long Chain Saturated)",-0.23122916776675,-0.456470410787791,0.02186471650114,0.0729759480973783,0.987519423912982,""
"744","arachidoylcarnitine (C20)*","Lipid","Fatty Acid Metabolism (Acyl Carnitine, Long Chain Saturated)",-0.0851994459420255,-0.329941298524583,0.170274530979507,0.513852136840037,0.987519423912982,""
"745","lignoceroylcarnitine (C24)*","Lipid","Fatty Acid Metabolism (Acyl Carnitine, Long Chain Saturated)",-0.257123561427346,-0.477994606048033,-0.00566994602069314,0.0454543540888207,0.841634979113175,""
"746","cerotoylcarnitine (C26)*","Lipid","Fatty Acid Metabolism (Acyl Carnitine, Long Chain Saturated)",-0.182846356487612,-0.415534036619413,0.0723035643110291,0.158405642568313,0.987519423912982,""
"747","ximenoylcarnitine (C26:1)*","Lipid","Fatty Acid Metabolism (Acyl Carnitine, Monounsaturated)",0.00954241062241577,-0.242861919957986,0.26073660558171,0.941815345489389,0.996044105356003,""
"748","arachidonoylcarnitine (C20:4)","Lipid","Fatty Acid Metabolism (Acyl Carnitine, Polyunsaturated)",-0.129024222534241,-0.368860329755006,0.126920280120816,0.321678704053222,0.987519423912982,""
"749","eicosenoylcarnitine (C20:1)*","Lipid","Fatty Acid Metabolism (Acyl Carnitine, Monounsaturated)",-0.0718477790961132,-0.317916530347596,0.183289166962103,0.582146490416191,0.996044105356003,""
"750","dihomo-linoleoylcarnitine (C20:2)*","Lipid","Fatty Acid Metabolism (Acyl Carnitine, Polyunsaturated)",-0.0518266922833103,-0.299735571561312,0.202638691563394,0.69160922843459,0.996044105356003,""
"751","dihomo-linolenoylcarnitine (C20:3n3 or 6)*","Lipid","Fatty Acid Metabolism (Acyl Carnitine, Polyunsaturated)",-0.201581424512353,-0.431498282315058,0.0529259624790746,0.119264031019733,0.987519423912982,""
"752","nervonoylcarnitine (C24:1)*","Lipid","Fatty Acid Metabolism (Acyl Carnitine, Monounsaturated)",-0.118737170038069,-0.359799723902046,0.137185480950931,0.362078547765587,0.987519423912982,""
"753","glycosyl ceramide (d18:1/20:0, d16:1/22:0)*","Lipid","Hexosylceramides (HCER)",0.105764612764245,-0.150052585215872,0.348308597087775,0.417229092161339,0.987519423912982,""
"754","N-oxalyl glycine (NOG)","Xenobiotics","Food Component/Plant",0.0293908769161872,-0.224088392339423,0.279145594511297,0.822096180524931,0.996044105356003,""
"755","N,N,N-trimethyl-5-aminovalerate","Amino Acid","Lysine Metabolism",0.261639833136213,0.0105116695300497,0.481721694639392,0.0416673156265575,0.841634979113175,""
"756","carotene diol (1)","Cofactors and Vitamins","Vitamin A Metabolism",-0.0360396509518632,-0.285271400359724,0.217757351759335,0.782743885217296,0.996044105356003,""
"757","carotene diol (2)","Cofactors and Vitamins","Vitamin A Metabolism",0.0652710534892783,-0.189667169846835,0.311964160825206,0.617236758663484,0.996044105356003,""
"758","carotene diol (3)","Cofactors and Vitamins","Vitamin A Metabolism",0.0503113451034502,-0.204095165367806,0.298352129664903,0.700193690287347,0.996044105356003,""
"759","cortolone glucuronide (1)","Lipid","Corticosteroids",0.146241378424015,-0.109616152074031,0.383923515098967,0.26075377192973,0.987519423912982,""
"760","(N(1) + N(8))-acetylspermidine","Amino Acid","Polyamine Metabolism",0.0086294551080858,-0.243720907887778,0.259885443348253,0.947373784402635,0.996044105356003,""
"761","5-dodecenoylcarnitine (C12:1)","Lipid","Fatty Acid Metabolism (Acyl Carnitine, Monounsaturated)",-0.0751843031495025,-0.320928905834665,0.180045226133944,0.564698890015192,0.996044105356003,""
"762","hydroxy-CMPF*","Lipid","Fatty Acid, Dicarboxylate",0.0125254045413493,-0.240052497633219,0.263514976031287,0.923674305892903,0.996044105356003,""
"763","trans-2-hexenoylglycine","Lipid","Fatty Acid Metabolism (Acyl Glycine)",0.0579881272477489,-0.196705019029565,0.305349958948487,0.657110504522792,0.996044105356003,""
"764","2-hydroxyarachidate*","Lipid","Fatty Acid, Monohydroxy",-0.0737270833184741,-0.319613868483911,0.181462693610795,0.572288905056881,0.996044105356003,""
"765","N-stearoylserine*","Lipid","Endocannabinoid",-0.0737724108871917,-0.319654787672036,0.181418618532437,0.572052103992408,0.996044105356003,""
"766","3-hydroxyoleate*","Lipid","Fatty Acid, Monohydroxy",0.102218772385994,-0.153554585531825,0.345154944637545,0.433102068396078,0.987519423912982,""
"767","lyxonate","Carbohydrate","Pentose Metabolism",0.0562739716562228,-0.198357684795888,0.303789720760432,0.666640842914435,0.996044105356003,""
"768","dodecenedioate (C12:1-DC)*","Lipid","Fatty Acid, Dicarboxylate",0.115794418379663,-0.14011190473868,0.357199423641927,0.374181504867054,0.987519423912982,""
"769","hexadecenedioate (C16:1-DC)*","Lipid","Fatty Acid, Dicarboxylate",-0.00709067032969059,-0.258449926865032,0.245167834922145,0.956748037302306,0.996044105356003,""
"770","octadecenedioate (C18:1-DC)","Lipid","Fatty Acid, Dicarboxylate",0.0452324359235675,-0.208968552146024,0.293707707430463,0.729233493410413,0.996044105356003,""
"771","heptenedioate (C7:1-DC)*","Lipid","Fatty Acid, Dicarboxylate",0.243239515974551,-0.00914114322702847,0.466486661915297,0.0589002799479946,0.936093734887772,""
"772","octadecadienedioate (C18:2-DC)*","Lipid","Fatty Acid, Dicarboxylate",-0.13537492823499,-0.374431226420203,0.120555576211742,0.29823004014585,0.987519423912982,""
"773","3-carboxy-4-methyl-5-pentyl-2-furanpropionate (3-CMPFP)**","Lipid","Fatty Acid, Dicarboxylate",0.258291443220866,0.00692085861302214,0.478959172685696,0.0444489542792601,0.841634979113175,""
"774","glucuronide of C10H18O2 (7)*","Partially Characterized Molecules","Partially Characterized Molecules",-0.0404999515863759,-0.289369489940948,0.213498197399554,0.75663849292772,0.996044105356003,""
"775","3-hydroxystachydrine*","Xenobiotics","Food Component/Plant",0.135930437872872,-0.119997839571666,0.374917705090205,0.296233254762454,0.987519423912982,""
"776","N-acetyl-2-aminooctanoate*","Lipid","Fatty Acid, Amino",0.0989962582863085,-0.156731693838489,0.342284090762935,0.447818254502566,0.987519423912982,""
"777","hydroxyasparagine**","Amino Acid","Alanine and Aspartate Metabolism",0.0267792644050062,-0.226569361885633,0.276733828311465,0.837679542076499,0.996044105356003,""
"778","perfluorooctanoate (PFOA)","Xenobiotics","Chemical",0.113079797503655,-0.142807504893732,0.354797383621525,0.385559606296044,0.987519423912982,""
"779","3-hydroxybutyroylglycine**","Lipid","Fatty Acid Metabolism (Acyl Glycine)",0.000641374075622848,-0.251219939779979,0.252421344175894,0.996085866545508,0.998329303181872,""
"780","glyco-beta-muricholate**","Lipid","Primary Bile Acid Metabolism",0.224635582839443,-0.0288151697560063,0.450947187137576,0.081774107544181,0.987519423912982,""
"781","N,N,N-trimethyl-alanylproline betaine (TMAP)","Amino Acid","Urea cycle; Arginine and Proline Metabolism",0.169166439237029,-0.0863320104032013,0.403786046983944,0.192467296654311,0.987519423912982,""
"782","3-formylindole","Xenobiotics","Food Component/Plant",-0.0483402022941644,-0.296551006476726,0.205988042631934,0.711416180872069,0.996044105356003,""
"783","gamma-glutamylcitrulline*","Peptide","Gamma-glutamyl Amino Acid",-0.185137829616773,-0.417494337540531,0.0699437972785847,0.153165100524058,0.987519423912982,""
"784","glycine conjugate of C10H12O2*","Partially Characterized Molecules","Partially Characterized Molecules",0.0600996357783542,-0.194667262728101,0.307270047042718,0.645445367878465,0.996044105356003,""
"785","glycine conjugate of C10H14O2 (1)*","Partially Characterized Molecules","Partially Characterized Molecules",0.0486966713767405,-0.205645868309241,0.296876859390906,0.709382061347642,0.996044105356003,""
"786","glutamine conjugate of C7H12O2*","Partially Characterized Molecules","Partially Characterized Molecules",0.259751753166426,0.0084860972435128,0.480164509784585,0.0432176036676306,0.841634979113175,""
"787","glutamine conjugate of C6H10O2 (1)*","Partially Characterized Molecules","Partially Characterized Molecules",0.137979566004345,-0.117939098628429,0.376711058751923,0.288943184948893,0.987519423912982,""
"788","glutamine conjugate of C6H10O2 (2)*","Partially Characterized Molecules","Partially Characterized Molecules",0.124540001889406,-0.131401725883264,0.364916324412457,0.338922939033567,0.987519423912982,""
"789","sphingomyelin (d17:1/14:0, d16:1/15:0)*","Lipid","Sphingomyelins",-0.0375022651267199,-0.286616243849687,0.216361761485486,0.774155592877983,0.996044105356003,""
"790","tetradecadienoate (14:2)*","Lipid","Long Chain Polyunsaturated Fatty Acid (n3 and n6)",0.14767274321502,-0.108170540074201,0.385170137460681,0.256065193385989,0.987519423912982,""
"791","N-carbamoylvaline","Amino Acid","Leucine, Isoleucine and Valine Metabolism",-0.0326019570114642,-0.282106643094011,0.221033433075699,0.803029752458847,0.996044105356003,""
"792","8-methoxykynurenate","Amino Acid","Tryptophan Metabolism",0.0969786487152951,-0.158718184359714,0.340484339645701,0.457171122797225,0.987519423912982,""
"793","3-amino-2-piperidone","Amino Acid","Urea cycle; Arginine and Proline Metabolism",-0.0966401004838143,-0.340182172420253,0.159051308211795,0.458750907135684,0.987519423912982,""
"794","N,N-dimethylalanine","Amino Acid","Alanine and Aspartate Metabolism",-0.0882945486657019,-0.332717513874247,0.167244777358333,0.498622042880383,0.987519423912982,""
"795","3-indoleglyoxylic acid","Xenobiotics","Food Component/Plant",-0.00976024351894256,-0.260939636796636,0.24265690532198,0.94048948949132,0.996044105356003,""
"796","ethyl beta-glucopyranoside","Xenobiotics","Food Component/Plant",0.0454475185610807,-0.208762428713439,0.293904628503827,0.727995664354557,0.996044105356003,""
"797","2-hydroxysebacate","Lipid","Fatty Acid, Dicarboxylate",0.198996325346806,-0.055611167189746,0.429304037278539,0.124175954960038,0.987519423912982,""
"798","ascorbic acid 3-sulfate*","Cofactors and Vitamins","Ascorbate and Aldarate Metabolism",0.113323213955792,-0.142565948839778,0.355012901680107,0.384531022446866,0.987519423912982,""
"799","6-bromotryptophan","Amino Acid","Tryptophan Metabolism",0.0100913145394462,-0.242345272819676,0.261248169093375,0.938474710167858,0.996044105356003,""
"800","delta-CEHC","Cofactors and Vitamins","Tocopherol Metabolism",-0.0152470063156411,-0.266046257410022,0.237485561439959,0.907156360670753,0.996044105356003,""
"801","N6,N6-dimethyllysine","Amino Acid","Lysine Metabolism",0.0391051657603153,-0.214831120926718,0.288088951191084,0.764774423995808,0.996044105356003,""
"802","1-carboxyethylphenylalanine","Amino Acid","Phenylalanine Metabolism",0.136861325574331,-0.11906285768103,0.375732620116785,0.292906755754744,0.987519423912982,""
"803","1-carboxyethylvaline","Amino Acid","Leucine, Isoleucine and Valine Metabolism",0.0805051251163206,-0.174860537087172,0.325722536696602,0.537393245774074,0.992282134313124,""
"804","1-carboxyethylleucine","Amino Acid","Leucine, Isoleucine and Valine Metabolism",0.157398452795805,-0.0983192886708644,0.393617684609313,0.225720074244254,0.987519423912982,""
"805","1-carboxyethylisoleucine","Amino Acid","Leucine, Isoleucine and Valine Metabolism",0.139346958875984,-0.116564066141949,0.377906777423683,0.284144575900316,0.987519423912982,""
"806","dodecadienoate (12:2)*","Lipid","Fatty Acid, Dicarboxylate",0.0425623871309219,-0.211525501607419,0.291261360138869,0.744656338808447,0.996044105356003,""
"807","indoleacetoylcarnitine*","Amino Acid","Tryptophan Metabolism",0.035382640608629,-0.218383917152939,0.284666973330776,0.78661025090764,0.996044105356003,""
"808","N-acetyl-isoputreanine","Amino Acid","Polyamine Metabolism",-0.0026753677860193,-0.254324764860193,0.249313336871408,0.983673996399788,0.996044105356003,""
"809","glucuronide of piperine metabolite C17H21NO3 (3)*","Xenobiotics","Food Component/Plant",-0.0274810585159122,-0.277382229145,0.225902997097832,0.833485609197552,0.996044105356003,""
"810","glucuronide of piperine metabolite C17H21NO3 (4)*","Xenobiotics","Food Component/Plant",-0.0924403999090963,-0.336429592967099,0.163178884025072,0.478594040868257,0.987519423912982,""
"811","glucuronide of piperine metabolite C17H21NO3 (5)*","Xenobiotics","Food Component/Plant",-0.143928896503101,-0.381907666683128,0.111949366812574,0.268450101996391,0.987519423912982,""
"812","sulfate of piperine metabolite C16H19NO3 (2)*","Xenobiotics","Food Component/Plant",-0.0881646220372406,-0.332601058671642,0.16737205787682,0.499256636628125,0.987519423912982,""
"813","sulfate of piperine metabolite C16H19NO3 (3)*","Xenobiotics","Food Component/Plant",-0.0940065825629447,-0.337829938594916,0.161640644224074,0.471141065850514,0.987519423912982,""
"814","sulfate of piperine metabolite C18H21NO3 (1)*","Xenobiotics","Food Component/Plant",-0.0308078653787947,-0.280452834619571,0.222740910842391,0.813669207310463,0.996044105356003,""
"815","sulfate of piperine metabolite C18H21NO3 (3)*","Xenobiotics","Food Component/Plant",-0.0204672832615631,-0.270891822402997,0.232552049089184,0.875588558810906,0.996044105356003,""
"816","N-acetyltheanine","Xenobiotics","Food Component/Plant",0.184855791671923,-0.0702343950844359,0.417253177426757,0.153803089984223,0.987519423912982,""
"817","2-naphthol sulfate","Xenobiotics","Chemical",-0.0821876859688504,-0.327235768990781,0.173218071908832,0.528895211050484,0.987519423912982,""
"818","4-ethylcatechol sulfate","Xenobiotics","Benzoate Metabolism",0.129575980898015,-0.126368140316449,0.369345021658084,0.319596161583119,0.987519423912982,""
"819","11beta-hydroxyandrosterone glucuronide","Lipid","Androgenic Steroids",0.213668025991176,-0.0403222960916278,0.441721481211653,0.0982429207383373,0.987519423912982,""
"820","11beta-hydroxyetiocholanolone glucuronide*","Lipid","Androgenic Steroids",0.185492212779999,-0.0695785971885868,0.417797310952779,0.152366243980099,0.987519423912982,""
"821","deoxycholic acid glucuronide","Lipid","Secondary Bile Acid Metabolism",-0.215908691194369,-0.44361021580979,0.0379768605815134,0.0946841385027063,0.987519423912982,""
"822","4-allylcatechol sulfate","Xenobiotics","Benzoate Metabolism",0.0963112134820796,-0.159374869887263,0.339888580042397,0.46028845933298,0.987519423912982,""
"823","4-methylhexanoylglutamine","Lipid","Fatty Acid Metabolism (Acyl Glutamine)",0.326742254287195,0.081638794124518,0.534577686791107,0.0101666902743559,0.73979830650654,""
"824","didesmethylcitalopram*","Xenobiotics","Drug - Psychoactive",-0.00309672156371544,-0.25471882605482,0.248918128448891,0.981103189016009,0.996044105356003,""
"825","citalopram N-oxide*","Xenobiotics","Drug - Psychoactive",0.0322930746702647,-0.221327514265546,0.281822018434522,0.804859034274604,0.996044105356003,""
"826","citalopram propionate*","Xenobiotics","Drug - Psychoactive",0.00656786944386404,-0.245659171580668,0.257961958519628,0.959934322722461,0.996044105356003,""
"827","glycoursodeoxycholic acid sulfate (1)","Lipid","Secondary Bile Acid Metabolism",0.133376399023654,-0.12256078201917,0.3726799573986,0.305486047133306,0.987519423912982,""
"828","dihydrocaffeate sulfate (2)","Xenobiotics","Food Component/Plant",0.00695215645650646,-0.245298025101567,0.258320654214665,0.957592166562613,0.996044105356003,""
"829","lithocholate sulfate (1)","Lipid","Secondary Bile Acid Metabolism",-0.00674745794293279,-0.258129596077751,0.2454904060407,0.958839721879112,0.996044105356003,""
"830","3-(methylthio)acetaminophen sulfate*","Xenobiotics","Drug - Analgesics, Anesthetics",0.115444477653414,-0.140459606627787,0.356889956770474,0.375636780623079,0.987519423912982,""
"831","2-ketocaprylate","Amino Acid","Leucine, Isoleucine and Valine Metabolism",0.108594126669424,-0.147253442249255,0.350821219754134,0.404806063318834,0.987519423912982,""
"832","2,6-dihydroxybenzoic acid","Xenobiotics","Drug - Topical Agents",0.0915508654888423,-0.164051994903883,0.335633767149304,0.482854831093187,0.987519423912982,""
"833","tetrahydrocortisol sulfate (1)","Lipid","Corticosteroids",0.163052928590319,-0.0925686909455581,0.398510771868443,0.20927530643249,0.987519423912982,""
"834","3-ethylcatechol sulfate (1)","Xenobiotics","Food Component/Plant",0.0488098985599407,-0.205537168631801,0.296980349703081,0.7087363744325,0.996044105356003,""
"835","4-acetylcatechol sulfate (1)","Xenobiotics","Food Component/Plant",0.00291430726128954,-0.249089234093264,0.254548237633047,0.982216132138387,0.996044105356003,""
"836","2,3-dihydroxy-5-methylthio-4-pentenoate (DMTPA)*","Amino Acid","Methionine, Cysteine, SAM and Taurine Metabolism",0.0704969445617792,-0.184600939727049,0.316695517043311,0.589279447899856,0.996044105356003,""
"837","meloxicam","Xenobiotics","Drug - Analgesics, Anesthetics",-0.0694544278266069,-0.315752632647817,0.185612689234533,0.594811065730044,0.996044105356003,""
"838","5-hydroxy-2-methylpyridine sulfate","Xenobiotics","Chemical",0.0185437808836631,-0.234371404278006,0.269107864570676,0.887200500434626,0.996044105356003,""
"839","3-hydroxy-2-methylpyridine sulfate","Xenobiotics","Chemical",0.0323731103139703,-0.221251318230207,0.281895772796501,0.804384941967434,0.996044105356003,""
"840","hydroxypalmitoyl sphingomyelin (d18:1/16:0(OH))**","Lipid","Sphingomyelins",-0.186013848869168,-0.418243180221716,0.0690409146563611,0.151195990161487,0.987519423912982,""
"841","taurochenodeoxycholic acid 3-sulfate","Lipid","Secondary Bile Acid Metabolism",0.31687027634782,0.0706902293624468,0.526665964289397,0.0128421292714356,0.73979830650654,""
"842","tetradecadienedioate (C14:2-DC)*","Lipid","Fatty Acid, Dicarboxylate",-0.0082048431948326,-0.259489438174171,0.24412028485091,0.949959858501971,0.996044105356003,""
"843","pregnenetriol sulfate*","Lipid","Pregnenolone Steroids",0.206116345169081,-0.0482065230554882,0.435340984476044,0.111007463996022,0.987519423912982,""
"844","pregnenetriol disulfate*","Lipid","Pregnenolone Steroids",0.0622191785316736,-0.192619538715713,0.309195419116571,0.63382070659987,0.996044105356003,""
"845","eicosenedioate (C20:1-DC)*","Lipid","Fatty Acid, Dicarboxylate",0.0331871967808451,-0.220476110552111,0.282645801385806,0.799566699173886,0.996044105356003,""
"846","undecenoylcarnitine (C11:1)","Lipid","Fatty Acid Metabolism (Acyl Carnitine, Monounsaturated)",0.0180502040581795,-0.234837971146823,0.268649817949281,0.890184069129971,0.996044105356003,""
"847","3-hydroxydecanoylcarnitine","Lipid","Fatty Acid Metabolism (Acyl Carnitine, Hydroxy)",1.09548022291678e-05,-0.251810478851966,0.251830999087677,0.999933145527642,0.999933145527642,""
"848","palmitoyl-sphingosine-phosphoethanolamine (d18:1/16:0)","Lipid","Ceramide PEs",-0.0998721802239625,-0.343064876606156,0.155868637268182,0.44379104097903,0.987519423912982,""
"849","picolinoylglycine","Lipid","Fatty Acid Metabolism (Acyl Glycine)",0.00411161231804274,-0.247965867874643,0.25566763579388,0.974911867246248,0.996044105356003,""
"850","4-vinylcatechol sulfate","Xenobiotics","Benzoate Metabolism",-0.00238322399732511,-0.254051495202886,0.249587303630094,0.985456552928131,0.996044105356003,""
"851","succinoyltaurine","Amino Acid","Methionine, Cysteine, SAM and Taurine Metabolism",0.160734457778561,-0.0949286384130317,0.396506108496231,0.215912693282016,0.987519423912982,""
"852","(15:3)-anacardic acid","Xenobiotics","Food Component/Plant",0.0472212744363561,-0.207061696532083,0.295527804765294,0.717814074272596,0.996044105356003,""
"853","3,5-dichloro-2,6-dihydroxybenzoic acid","Xenobiotics","Chemical",0.145599959346751,-0.110263604566032,0.383364600991748,0.262873458653682,0.987519423912982,""
"854","metabolonic lactone sulfate","Partially Characterized Molecules","Partially Characterized Molecules",0.0491772044927843,-0.205184506600895,0.297316029360641,0.706643188857379,0.996044105356003,""
"855","vanillic acid glycine","Xenobiotics","Food Component/Plant",-0.0362673450988538,-0.285480824936885,0.217540159821319,0.781405167615221,0.996044105356003,""
"856","2-hydroxy-4-(methylthio)butanoic acid","Amino Acid","Methionine, Cysteine, SAM and Taurine Metabolism",0.0120122983111117,-0.240536049207899,0.263037363531245,0.926792259862488,0.996044105356003,""
"857","branched chain 14:0 dicarboxylic acid**","Lipid","Fatty Acid, Dicarboxylate",0.151766474481387,-0.104030080490222,0.388730723763833,0.242972114583419,0.987519423912982,""
"858","pentose acid*","Partially Characterized Molecules","Partially Characterized Molecules",0.0117566850537182,-0.24077689250299,0.262799386202325,0.928345937489243,0.996044105356003,""
"859","1-methyl-5-imidazolelactate","Amino Acid","Histidine Metabolism",0.0538236655009862,-0.200717582595209,0.301557124795036,0.680355218715779,0.996044105356003,""
"860","(2 or 3)-decenoate (10:1n7 or n8)","Lipid","Medium Chain Fatty Acid",-0.0118720787378527,-0.26290682213022,0.240668170400206,0.927644514174003,0.996044105356003,""
"861","branched-chain, straight-chain, or cyclopropyl 10:1 fatty acid (1)*","Partially Characterized Molecules","Partially Characterized Molecules",0.0350698424020112,-0.218682147223576,0.284379140024686,0.7884528106932,0.996044105356003,""
"862","branched-chain, straight-chain, or cyclopropyl 10:1 fatty acid (2)*","Partially Characterized Molecules","Partially Characterized Molecules",-0.0860127217796286,-0.330671193114363,0.169478893990751,0.509827535368398,0.987519423912982,""
"863","3-bromo-5-chloro-2,6-dihydroxybenzoic acid*","Xenobiotics","Chemical",-0.0292816521558277,-0.279044790965086,0.224192219125541,0.822746595062316,0.996044105356003,""
"864","branched-chain, straight-chain, or cyclopropyl 12:1 fatty acid*","Partially Characterized Molecules","Partially Characterized Molecules",0.126002430776696,-0.129941350553396,0.366203522757053,0.333236723817155,0.987519423912982,""
"865","decadienedioic acid (C10:2-DC)**","Lipid","Fatty Acid, Dicarboxylate",0.257012416412745,0.00555094012480147,0.477902782368264,0.0455510013060478,0.841634979113175,""
"866","GlcNAc sulfate conjugate of C21H34O2 steroid**","Partially Characterized Molecules","Partially Characterized Molecules",0.254169189999818,0.00250904244733752,0.475552177067538,0.0480812816106821,0.841634979113175,""
"867","cis-3,4-methyleneheptanoate","Lipid","Fatty Acid, Branched",0.0391207065433429,-0.21481627462653,0.288103223933887,0.764683631674919,0.996044105356003,""
"868","cis-3,4-methyleneheptanoylcarnitine","Lipid","Fatty Acid Metabolism (Acyl Carnitine, Medium Chain)",0.0965414015207877,-0.159148414813638,0.34009407035705,0.459212031612467,0.987519423912982,""
"869","N-acetyl-2-aminoadipate","Amino Acid","Lysine Metabolism",-0.0957244813714807,-0.339364695370622,0.159951965272121,0.463038403371165,0.987519423912982,""
"870","2-methoxyhydroquinone sulfate (1)","Xenobiotics","Benzoate Metabolism",-0.16562033923076,-0.400728058855759,0.0899519948955776,0.202094754450407,0.987519423912982,""
"871","2-methoxyhydroquinone sulfate (2)","Xenobiotics","Benzoate Metabolism",-0.128678988922705,-0.368556993080895,0.127265671749586,0.322986124762421,0.987519423912982,""
"872","2,4-di-tert-butylphenol","Xenobiotics","Chemical",-0.00751082447823581,-0.258841994549942,0.244772873372614,0.954187832810948,0.996044105356003,""
"873","3-hydroxyoctanoylcarnitine (1)","Lipid","Fatty Acid Metabolism (Acyl Carnitine, Hydroxy)",0.0816940408776969,-0.17370010066698,0.326791933301931,0.531381517999604,0.987519423912982,""
"874","3-hydroxyoctanoylcarnitine (2)","Lipid","Fatty Acid Metabolism (Acyl Carnitine, Hydroxy)",-0.0275634491965452,-0.277458336522357,0.225824750265736,0.832993541453798,0.996044105356003,""
"875","cis-3,4-methyleneheptanoylglycine","Lipid","Fatty Acid Metabolism (Acyl Glycine)",0.0172384922212893,-0.235605010447989,0.267896290782249,0.895093975024106,0.996044105356003,""
"876","bilirubin degradation product, C16H18N2O5 (1)**","Partially Characterized Molecules","Partially Characterized Molecules",0.0621608521619378,-0.192675918464498,0.309142463085573,0.634139439780791,0.996044105356003,""
"877","bilirubin degradation product, C16H18N2O5 (2)**","Partially Characterized Molecules","Partially Characterized Molecules",0.0842915000318897,-0.171162391421849,0.329126094077432,0.518364174829854,0.987519423912982,""
"878","bilirubin degradation product, C17H18N2O4 (1)**","Partially Characterized Molecules","Partially Characterized Molecules",0.0570623680860465,-0.197597749340861,0.304507490445532,0.662250900782576,0.996044105356003,""
"879","bilirubin degradation product, C17H18N2O4 (2)**","Partially Characterized Molecules","Partially Characterized Molecules",0.0255517543099171,-0.227734332517871,0.275599161074504,0.845025908998422,0.996044105356003,""
"880","bilirubin degradation product, C17H18N2O4 (3)**","Partially Characterized Molecules","Partially Characterized Molecules",0.00817953188404122,-0.244144089191852,0.259465829455147,0.95011403204809,0.996044105356003,""
"881","bilirubin degradation product, C17H20N2O5 (1)**","Partially Characterized Molecules","Partially Characterized Molecules",-0.0508029367229387,-0.298801044319866,0.203622796164651,0.697404663021761,0.996044105356003,""
"882","bilirubin degradation product, C17H20N2O5 (2)**","Partially Characterized Molecules","Partially Characterized Molecules",-0.0460314915039745,-0.294439184457491,0.208202667061937,0.724638315725194,0.996044105356003,""
"883","tetrahydrocortisol glucuronide","Lipid","Corticosteroids",0.114455050384327,-0.141442362357546,0.356014678990638,0.379769837308622,0.987519423912982,""
"884","bilirubin degradation product, C16H18N2O5 (3)**","Partially Characterized Molecules","Partially Characterized Molecules",0.0823489491050949,-0.173060577056903,0.327380737050325,0.528084240462899,0.987519423912982,""
"885","bilirubin degradation product, C16H18N2O5 (4)**","Partially Characterized Molecules","Partially Characterized Molecules",-0.00200797844907199,-0.253700433666397,0.24993914243062,0.987746269147957,0.996044105356003,""
"886","propylene azelate (1)**","Xenobiotics","Chemical",0.179919963322174,-0.0753130265082519,0.413027429778145,0.165289040681491,0.987519423912982,""
"887","N,N-dimethyl-pro-pro","Peptide","Modified Peptides",-0.0249601521933323,-0.275052055902936,0.228295534728944,0.848571247385441,0.996044105356003,""
"888","oxindolylalanine","Amino Acid","Tryptophan Metabolism",0.0675789166777483,-0.187431488800825,0.314055136731622,0.604820279401738,0.996044105356003,""
"889","tetrahydrocortisone glucuronide (5)","Lipid","Corticosteroids",0.106452089255075,-0.1493728647952,0.348919400393604,0.414190752652019,0.987519423912982,""
"890","perfluorohexanesulfonic acid","Xenobiotics","Chemical",-0.0067538269663195,-0.258135540988595,0.24548442056782,0.958800903740819,0.996044105356003,""
