"","PLOT_NAME","SUPER_PATHWAY","SUB_PATHWAY","Rmcorr","CI_lower","CI_upper","p_value","padj","sig"
"1","S-1-pyrroline-5-carboxylate","Amino Acid","Glutamate Metabolism",0.0237422791328216,-0.231578552743369,0.276003027963872,0.857102666480629,0.978507307579512,""
"2","spermidine","Amino Acid","Polyamine Metabolism",-0.119104911929148,-0.362079012786049,0.139024399843896,0.364720242473394,0.902750344938003,""
"3","1-methylnicotinamide","Cofactors and Vitamins","Nicotinate and Nicotinamide Metabolism",0.133956625932788,-0.124192470488435,0.375121605790591,0.307536854406223,0.875370429606745,""
"4","12,13-DiHOME","Lipid","Fatty Acid, Dihydroxy",-0.014285717219214,-0.267241003821867,0.240511439591517,0.913730438067139,0.98991423670009,""
"5","alpha-ketoglutarate","Energy","TCA Cycle",-0.197139044428859,-0.429560599102424,0.0597780562017834,0.131102324482905,0.831141825375282,""
"6","kynurenate","Amino Acid","Tryptophan Metabolism",-0.0332856008828304,-0.284803136839259,0.222519847351094,0.800673633006742,0.97506350077346,""
"7","3-hydroxyisobutyrate","Amino Acid","Leucine, Isoleucine and Valine Metabolism",-0.0977817723504282,-0.343185451978141,0.160118546667508,0.457321126633457,0.925035915235857,""
"8","3-hydroxy-3-methylglutarate","Lipid","Mevalonate Metabolism",-0.120144582162308,-0.36299514580982,0.137989870686258,0.360518722912327,0.902750344938003,""
"9","homovanillate (HVA)","Amino Acid","Tyrosine Metabolism",0.0685450146456461,-0.188663426092931,0.316953062644868,0.602791003269859,0.960981009182483,""
"10","3-phosphoglycerate","Carbohydrate","Glycolysis, Gluconeogenesis, and Pyruvate Metabolism",0.102688953547134,-0.155284841789437,0.347551168195433,0.434943722546385,0.924581214313795,""
"11","cholate","Lipid","Primary Bile Acid Metabolism",0.00441200325704039,-0.24979254588914,0.258047610638575,0.97331058105976,0.995295890369342,""
"12","5,6-dihydrothymine","Nucleotide","Pyrimidine Metabolism, Thymine containing",0.0407896061630651,-0.215365744488605,0.291693100603988,0.756988894502903,0.971250083747139,""
"13","hypoxanthine","Nucleotide","Purine Metabolism, (Hypo)Xanthine/Inosine containing",-0.11721014859263,-0.360408183656086,0.14090834579751,0.372453605496943,0.902750344938003,""
"14","9,10-DiHOME","Lipid","Fatty Acid, Dihydroxy",-0.163166969369855,-0.400498181406955,0.0946805493097305,0.21288682467304,0.831141825375282,""
"15","linoleate (18:2n6)","Lipid","Long Chain Polyunsaturated Fatty Acid (n3 and n6)",-0.261634052294177,-0.483441171795578,-0.0082579710766466,0.0434560711696495,0.828516919036565,""
"16","laurate (12:0)","Lipid","Medium Chain Fatty Acid",-0.249960963488619,-0.47381220659177,0.0042323729778554,0.0540847474285025,0.828516919036565,""
"17","quinolinate","Cofactors and Vitamins","Nicotinate and Nicotinamide Metabolism",0.111848652786511,-0.146229122805904,0.355671870084826,0.394866540596278,0.905790722465325,""
"18","N6,N6,N6-trimethyllysine","Amino Acid","Lysine Metabolism",0.181517167367219,-0.0759061793319471,0.4162559293899,0.165134045676398,0.831141825375282,""
"19","N-acetylputrescine","Amino Acid","Polyamine Metabolism",-0.0581751503038713,-0.307556593577913,0.198684541554895,0.658838228874731,0.960981009182483,""
"20","N-formylmethionine","Amino Acid","Methionine, Cysteine, SAM and Taurine Metabolism",-0.0241107090070845,-0.276343552011764,0.231229651762694,0.854908985646988,0.978507307579512,""
"21","adenosine 3',5'-cyclic monophosphate (cAMP)","Nucleotide","Purine Metabolism, Adenine containing",-0.187533660490111,-0.421391920296314,0.0697106219232687,0.151333549225238,0.831141825375282,""
"22","5-methylthioadenosine (MTA)","Amino Acid","Polyamine Metabolism",0.0167797055897891,-0.238159743505486,0.269555889183942,0.898742696479272,0.985647226590267,""
"23","N6-methyladenosine","Nucleotide","Purine Metabolism, Adenine containing",-0.00765090578135567,-0.261068416484781,0.246753177341393,0.953734440206868,0.993926426282083,""
"24","arachidonate (20:4n6)","Lipid","Long Chain Polyunsaturated Fatty Acid (n3 and n6)",0.0406430768356446,-0.215505705045511,0.291558810336388,0.757835206496539,0.971250083747139,""
"25","arginine","Amino Acid","Urea cycle; Arginine and Proline Metabolism",0.0574789064660562,-0.199355451395295,0.306923957275216,0.662673636915966,0.960981009182483,""
"26","aspartate","Amino Acid","Alanine and Aspartate Metabolism",0.0302995827878535,-0.225358989438597,0.28205421295353,0.818235418290428,0.976408555057729,""
"27","3-(4-hydroxyphenyl)lactate (HPLA)","Amino Acid","Tyrosine Metabolism",-0.116161063564293,-0.359482413916137,0.141950638071702,0.37677761770745,0.905790722465325,""
"28","phenylpyruvate","Amino Acid","Phenylalanine Metabolism",-0.035989688731717,-0.287288951924829,0.219945018840711,0.784853947780097,0.971250083747139,""
"29","beta-alanine","Nucleotide","Pyrimidine Metabolism, Uracil containing",0.0170730472308317,-0.237882941584536,0.269827972943191,0.896982053144818,0.985647226590267,""
"30","biliverdin","Cofactors and Vitamins","Hemoglobin and Porphyrin Metabolism",-0.0742497425463019,-0.322101591859097,0.183127619388376,0.572878915646211,0.960981009182483,""
"31","succinate","Energy","TCA Cycle",-0.0876390583824824,-0.33412816554158,0.170070342107389,0.505505772446328,0.950936220141689,""
"32","3-hydroxybutyrate (BHBA)","Lipid","Ketone Bodies",-0.218684730281678,-0.447746323348964,0.0373118805175948,0.093215002375929,0.828516919036565,""
"33","cholesterol","Lipid","Sterol",0.327821192860614,0.0806063130068273,0.537041537897148,0.0105591243284383,0.821128717553662,""
"34","phosphocholine","Lipid","Phospholipid Metabolism",-0.109151724357159,-0.353284675943822,0.14889993619912,0.406434454506265,0.907245349072741,""
"35","corticosterone","Lipid","Corticosteroids",-0.0375362204789891,-0.288709128317994,0.218470808830815,0.775844609085303,0.971250083747139,""
"36","cortisone","Lipid","Corticosteroids",-0.0820428730444999,-0.329111294594914,0.175538778194911,0.533163021105851,0.960981009182483,""
"37","creatinine","Amino Acid","Creatine Metabolism",0.000688972885548647,-0.253280040164093,0.254569139125512,0.995831475114179,0.999093744848646,""
"38","cysteinylglycine","Amino Acid","Glutathione Metabolism",-0.157549582231054,-0.395646170457607,0.100391349475909,0.229275420491518,0.831141825375282,""
"39","cystine","Amino Acid","Methionine, Cysteine, SAM and Taurine Metabolism",0.0785015348585765,-0.178991082510858,0.325929331814266,0.5510415451035,0.960981009182483,""
"40","sphingosine","Lipid","Sphingosines",0.0268287154128661,-0.228653684175857,0.278853734124201,0.838760401434699,0.978057183043045,""
"41","deoxycholate","Lipid","Secondary Bile Acid Metabolism",0.00728699400271653,-0.247094919941683,0.26072925660759,0.95593280515041,0.993926426282083,""
"42","cystathionine","Amino Acid","Methionine, Cysteine, SAM and Taurine Metabolism",-0.159243871335863,-0.397111011681981,0.0986706737622047,0.224242923482454,0.831141825375282,""
"43","sphinganine","Lipid","Sphingolipid Synthesis",0.0491117932095787,-0.207399323416303,0.299303966398385,0.709415777991163,0.971084441071742,""
"44","fumarate","Energy","TCA Cycle",-0.263372783666129,-0.48487084831045,-0.010125224432636,0.042031065390708,0.828516919036565,""
"45","gamma-glutamylglutamate","Peptide","Gamma-glutamyl Amino Acid",-0.223292966156679,-0.45161147839202,0.0324729388958731,0.086352106472797,0.828516919036565,""
"46","gluconate","Xenobiotics","Food Component/Plant",-0.0436778590019205,-0.294338090801323,0.212604819508014,0.740366243136062,0.971250083747139,""
"47","glutarate (C5-DC)","Lipid","Fatty Acid, Dicarboxylate",0.174095079037102,-0.0835218784878351,0.409899344270666,0.183402321672043,0.831141825375282,""
"48","glycine","Amino Acid","Glycine, Serine and Threonine Metabolism",-0.224673898992171,-0.452768068564286,0.0310205326487308,0.0843748571733396,0.828516919036565,""
"49","glycocholate","Lipid","Primary Bile Acid Metabolism",0.0796245474683959,-0.177896990052149,0.326938988325299,0.545341029481906,0.960981009182483,""
"50","guanidinoacetate","Amino Acid","Creatine Metabolism",-0.105624625562661,-0.350157848789826,0.152387208698404,0.421856628218817,0.920226468418497,""
"51","histidine","Amino Acid","Histidine Metabolism",0.00837702318567185,-0.246071105218938,0.261744959221008,0.94934905743752,0.993926426282083,""
"52","cortisol","Lipid","Corticosteroids",-0.0405671051057443,-0.291489180354093,0.215578266892406,0.75827410910914,0.971250083747139,""
"53","hypotaurine","Amino Acid","Methionine, Cysteine, SAM and Taurine Metabolism",-0.0918327233148732,-0.337878571498738,0.165961979601598,0.485273311890561,0.931068068330275,""
"54","inosine","Nucleotide","Purine Metabolism, (Hypo)Xanthine/Inosine containing",-0.128456835012685,-0.37030286395986,0.12969841753616,0.327999542022063,0.884597816934896,""
"55","myo-inositol","Lipid","Inositol Metabolism",0.173046676672322,-0.084595209087116,0.408999598919577,0.18609589738565,0.831141825375282,""
"56","isoleucine","Amino Acid","Leucine, Isoleucine and Valine Metabolism",0.117688876825851,-0.140432527093083,0.360830480374564,0.370490424586564,0.902750344938003,""
"57","2-aminoadipate","Amino Acid","Lysine Metabolism",0.11780619617187,-0.140315902576869,0.360933955145247,0.370010274897508,0.902750344938003,""
"58","citrulline","Amino Acid","Urea cycle; Arginine and Proline Metabolism",0.151208936009825,-0.106817081305001,0.390153430555393,0.248801046471295,0.831141825375282,""
"59","leucine","Amino Acid","Leucine, Isoleucine and Valine Metabolism",0.0576884676809434,-0.199153540742368,0.307114396561402,0.661518312008867,0.960981009182483,""
"60","lysine","Amino Acid","Lysine Metabolism",0.0730685545706828,-0.184275172990781,0.321036769339711,0.579015731464631,0.960981009182483,""
"61","malate","Energy","TCA Cycle",-0.231965302116051,-0.458862229802987,0.0233338013306115,0.074519483997733,0.828516919036565,""
"62","methionine","Amino Acid","Methionine, Cysteine, SAM and Taurine Metabolism",-0.273777343280498,-0.493401360199592,-0.0213358867675638,0.034286627693701,0.828516919036565,""
"63","methylmalonate (MMA)","Lipid","Fatty Acid Metabolism (also BCAA Metabolism)",-0.261615238035416,-0.483425695247077,-0.00823777578119523,0.043471705356322,0.828516919036565,""
"64","palmitate (16:0)","Lipid","Long Chain Saturated Fatty Acid",-0.222933183155319,-0.451310018720085,0.0328511660135292,0.0868731894406785,0.828516919036565,""
"65","nicotinamide","Cofactors and Vitamins","Nicotinate and Nicotinamide Metabolism",0.00667216870835315,-0.247672146897055,0.260156107236028,0.959647653941225,0.993926426282083,""
"66","stearate (18:0)","Lipid","Long Chain Saturated Fatty Acid",-0.157055473574947,-0.395218747827103,0.100892862878555,0.230757683768479,0.831141825375282,""
"67","ornithine","Amino Acid","Urea cycle; Arginine and Proline Metabolism",0.0417978738559437,-0.214402391047033,0.292616883261979,0.751173166505755,0.971250083747139,""
"68","orotate","Nucleotide","Pyrimidine Metabolism, Orotate containing",-0.0533108373016149,-0.30313205966051,0.20336682936678,0.685811869698551,0.960981009182483,""
"69","palmitoleate (16:1n7)","Lipid","Long Chain Monounsaturated Fatty Acid",-0.239427591844324,-0.465077191564834,0.0154355385149018,0.0654044302124259,0.828516919036565,""
"70","phenylalanine","Amino Acid","Phenylalanine Metabolism",-0.169066727182277,-0.405579800193689,0.0886643553635458,0.196580382080855,0.831141825375282,""
"71","phosphate","Energy","Oxidative Phosphorylation",-0.163607357395502,-0.400878004223982,0.0942321194257546,0.211637762799156,0.831141825375282,""
"72","phytanate","Xenobiotics","Food Component/Plant",0.0476022873409036,-0.208846829533068,0.297925841925136,0.717969322483599,0.971250083747139,""
"73","pristanate","Lipid","Fatty Acid, Branched",-0.0400274998669971,-0.290994542188368,0.216093571330477,0.761393683453662,0.971250083747139,""
"74","proline","Amino Acid","Urea cycle; Arginine and Proline Metabolism",-0.00857680049322549,-0.261931053340089,0.245883401911397,0.948142759834873,0.993926426282083,""
"75","lactate","Carbohydrate","Glycolysis, Gluconeogenesis, and Pyruvate Metabolism",0.0343730878385097,-0.2214847726678,0.285803249156811,0.794301561068773,0.971250083747139,""
"76","retinol (Vitamin A)","Cofactors and Vitamins","Vitamin A Metabolism",0.280640812867297,0.0287660243875002,0.499005563033024,0.0298587277739249,0.828516919036565,""
"77","riboflavin (Vitamin B2)","Cofactors and Vitamins","Riboflavin Metabolism",-0.165804589104203,-0.402771839477092,0.0919932000594944,0.205482882775952,0.831141825375282,""
"78","salicylate","Xenobiotics","Drug - Topical Agents",-0.125071442824456,-0.367330204839564,0.133079701752384,0.341013158273183,0.89265209077392,""
"79","serine","Amino Acid","Glycine, Serine and Threonine Metabolism",-0.206083526147701,-0.437133181176891,0.0504829328941825,0.11416514703711,0.831141825375282,""
"80","serotonin","Amino Acid","Tryptophan Metabolism",0.0395647542001532,-0.216535363905571,0.290570251744491,0.764071929799702,0.971250083747139,""
"81","taurine","Amino Acid","Methionine, Cysteine, SAM and Taurine Metabolism",-0.0345620105743421,-0.285976936986314,0.2213048964119,0.793195927339535,0.971250083747139,""
"82","myristate (14:0)","Lipid","Long Chain Saturated Fatty Acid",-0.246268046424835,-0.47075478543776,0.00816739191436198,0.0578566548287483,0.828516919036565,""
"83","urea","Amino Acid","Urea cycle; Arginine and Proline Metabolism",0.285877773938189,0.0344541473080007,0.503269429454115,0.026811426971068,0.828516919036565,""
"84","uridine","Nucleotide","Pyrimidine Metabolism, Uracil containing",0.0813863979364818,-0.176179227356213,0.328521861999224,0.536455556781665,0.960981009182483,""
"85","2'-deoxyuridine","Nucleotide","Pyrimidine Metabolism, Uracil containing",-0.101160996318041,-0.346192945036318,0.156791246083448,0.441844570000003,0.924581214313795,""
"86","trans-urocanate","Amino Acid","Histidine Metabolism",-0.192332570592708,-0.425477792504599,0.0647546172106574,0.14095430935165,0.831141825375282,""
"87","glutamate","Amino Acid","Glutamate Metabolism",-0.239452610848356,-0.465097991276437,0.0154090042083033,0.0653754498861839,0.828516919036565,""
"88","glutamine","Amino Acid","Glutamate Metabolism",-0.0621087253996075,-0.311126667914583,0.19488956862553,0.637335528744371,0.960981009182483,""
"89","threonine","Amino Acid","Glycine, Serine and Threonine Metabolism",-0.170037674484693,-0.406414704347185,0.0876724403545846,0.193984571418524,0.831141825375282,""
"90","tryptophan","Amino Acid","Tryptophan Metabolism",0.184476731805079,-0.0728610135765457,0.41878424059759,0.158234468612109,0.831141825375282,""
"91","valine","Amino Acid","Leucine, Isoleucine and Valine Metabolism",0.169594741345726,-0.0881250020794416,0.406033881225844,0.195165689332654,0.831141825375282,""
"92","glucose","Carbohydrate","Glycolysis, Gluconeogenesis, and Pyruvate Metabolism",-0.151003660664227,-0.389975321105208,0.107024751687351,0.249451541165884,0.831141825375282,""
"93","alpha-ketobutyrate","Amino Acid","Methionine, Cysteine, SAM and Taurine Metabolism",0.0710500403609836,-0.186234587346794,0.3192156580502,0.589571841966883,0.960981009182483,""
"94","adenosine","Nucleotide","Purine Metabolism, Adenine containing",-0.101151836001598,-0.346184799200649,0.156800273569169,0.441886124732013,0.924581214313795,""
"95","betaine","Amino Acid","Glycine, Serine and Threonine Metabolism",-0.154328274036327,-0.392857760399114,0.103658575873533,0.239058227667264,0.831141825375282,""
"96","cysteine","Amino Acid","Methionine, Cysteine, SAM and Taurine Metabolism",-0.0854722696397341,-0.332187337317423,0.172189552267525,0.516126390866006,0.95197397510697,""
"97","mannose","Carbohydrate","Fructose, Mannose and Galactose Metabolism",-0.200422345642266,-0.432344111757858,0.0563712108249506,0.124677535298025,0.831141825375282,""
"98","dimethylglycine","Amino Acid","Glycine, Serine and Threonine Metabolism",0.034628655953191,-0.221241438162549,0.286038204077875,0.792805994618931,0.971250083747139,""
"99","alanine","Amino Acid","Alanine and Aspartate Metabolism",-0.0935752226229725,-0.339434598968621,0.164252288354223,0.476993965911827,0.926828676604874,""
"100","tyrosine","Amino Acid","Tyrosine Metabolism",-0.165246758730981,-0.402291227098848,0.0925618610273448,0.207033339287652,0.831141825375282,""
"101","malonate","Lipid","Fatty Acid Synthesis",0.0175257178221615,-0.237455713010352,0.270247760219179,0.894266085802746,0.985647226590267,""
"102","pseudouridine","Nucleotide","Pyrimidine Metabolism, Uracil containing",0.0670287270100624,-0.19013207068914,0.315582142593784,0.610855108729617,0.960981009182483,""
"103","pyruvate","Carbohydrate","Glycolysis, Gluconeogenesis, and Pyruvate Metabolism",-0.107691610614589,-0.351990924026796,0.150344342045032,0.412778619136993,0.911595461617676,""
"104","uracil","Nucleotide","Pyrimidine Metabolism, Uracil containing",0.00304392008962339,-0.251074844719025,0.256770158036273,0.981584738790745,0.997272166123017,""
"105","cytidine","Nucleotide","Pyrimidine Metabolism, Cytidine containing",-0.0666083174143607,-0.315201854150862,0.190539066963844,0.613099202939582,0.960981009182483,""
"106","cotinine","Xenobiotics","Tobacco Metabolite",0.190838798355969,-0.0662986494246998,0.424206987926169,0.144126276550637,0.831141825375282,""
"107","caffeine","Xenobiotics","Xanthine Metabolism",0.166802726879413,-0.0909752630699348,0.403631483481594,0.202729160205099,0.831141825375282,""
"108","fructose","Carbohydrate","Fructose, Mannose and Galactose Metabolism",-0.0660918628365203,-0.314734577331623,0.191038922899446,0.615860813697413,0.960981009182483,""
"109","adenine","Nucleotide","Purine Metabolism, Adenine containing",0.0649485677543904,-0.192144998760601,0.313699720030356,0.621993128392161,0.960981009182483,""
"110","caprate (10:0)","Lipid","Medium Chain Fatty Acid",-0.236485247795109,-0.462629315994577,0.0185535872507148,0.068885246550517,0.828516919036565,""
"111","margarate (17:0)","Lipid","Long Chain Saturated Fatty Acid",-0.184539609728541,-0.418837916878108,0.0727962649019684,0.158090225434057,0.831141825375282,""
"112","nonadecanoate (19:0)","Lipid","Long Chain Saturated Fatty Acid",-0.0225156632135908,-0.274868862523342,0.232739677815615,0.86441376189672,0.978607017649618,""
"113","arachidate (20:0)","Lipid","Long Chain Saturated Fatty Acid",-0.0846666846804585,-0.331465228499811,0.172976840367467,0.520103538487113,0.9544168025846,""
"114","maltose","Carbohydrate","Glycogen Metabolism",-0.0599266906582342,-0.309147142092213,0.196995668656286,0.649228241988618,0.960981009182483,""
"115","asparagine","Amino Acid","Alanine and Aspartate Metabolism",-0.226404617708263,-0.454216536274778,0.0291987105432905,0.0819473499292373,0.828516919036565,""
"116","N-stearoyl-sphinganine (d18:0/18:0)*","Lipid","Dihydroceramides",-0.0133050873443554,-0.266329996429941,0.241435301898862,0.919632066634366,0.990549990428757,""
"117","dihydroorotate","Nucleotide","Pyrimidine Metabolism, Orotate containing",-0.0242143076007021,-0.276439292374778,0.231131532656062,0.854292341674595,0.978507307579512,""
"118","pentadecanoate (15:0)","Lipid","Long Chain Saturated Fatty Acid",-0.176776313224608,-0.412198310338332,0.0807741698377428,0.176641839673026,0.831141825375282,""
"119","hydroxyproline","Amino Acid","Urea cycle; Arginine and Proline Metabolism",0.240774581714868,-0.0140064559990448,0.466196666100754,0.0638587753019783,0.828516919036565,""
"120","allantoin","Nucleotide","Purine Metabolism, (Hypo)Xanthine/Inosine containing",-0.0404284562967279,-0.29136209841311,0.215710685355176,0.759075304216301,0.971250083747139,""
"121","xanthine","Nucleotide","Purine Metabolism, (Hypo)Xanthine/Inosine containing",-0.107075973791288,-0.351445151462863,0.150953025876967,0.415470579801755,0.913009422280399,""
"122","5-oxoproline","Amino Acid","Glutathione Metabolism",0.123569373303418,-0.134578026411006,0.366009674373083,0.346888875606237,0.899254835843615,""
"123","sarcosine","Amino Acid","Glycine, Serine and Threonine Metabolism",0.0721169086410134,-0.185199210709717,0.320178419128818,0.583981729985838,0.960981009182483,""
"124","pantothenate (Vitamin B5)","Cofactors and Vitamins","Pantothenate and CoA Metabolism",-0.11303463173804,-0.356720636684945,0.145053435754926,0.389841552002322,0.905790722465325,""
"125","pipecolate","Amino Acid","Lysine Metabolism",-0.0986689935135198,-0.343975561986297,0.159245525075708,0.45322928089258,0.924581214313795,""
"126","phosphoethanolamine (PE)","Lipid","Phospholipid Metabolism",-0.0460826996254724,-0.296537458350898,0.21030286933341,0.72661490656923,0.971250083747139,""
"127","glycerate","Carbohydrate","Glycolysis, Gluconeogenesis, and Pyruvate Metabolism",0.00264585498046577,-0.251447782100537,0.256398296720324,0.983992634797083,0.998578614560324,""
"128","3-ureidopropionate","Nucleotide","Pyrimidine Metabolism, Uracil containing",0.0105952862199338,-0.243985836878162,0.263810232285193,0.935961666166305,0.993926426282083,""
"129","N-acetylleucine","Amino Acid","Leucine, Isoleucine and Valine Metabolism",0.192896920837461,-0.0641709580835157,0.425957665911572,0.13976963512647,0.831141825375282,""
"130","N-acetylmethionine","Amino Acid","Methionine, Cysteine, SAM and Taurine Metabolism",-0.174138822762165,-0.409936875434135,0.0834770816585617,0.183290549046542,0.831141825375282,""
"131","N-acetylvaline","Amino Acid","Leucine, Isoleucine and Valine Metabolism",-0.193633688000342,-0.426583950096801,0.0634087181399288,0.138234275787131,0.831141825375282,""
"132","erucate (22:1n9)","Lipid","Long Chain Monounsaturated Fatty Acid",-0.111008746429037,-0.354928765455508,0.147061299732911,0.398448178872961,0.905790722465325,""
"133","bilirubin","Cofactors and Vitamins","Hemoglobin and Porphyrin Metabolism",0.0742950336722005,-0.183083603962023,0.322142408621867,0.572644207061302,0.960981009182483,""
"134","thyroxine","Amino Acid","Tyrosine Metabolism",0.0158340633843645,-0.239051784932216,0.26867850093468,0.904421726054437,0.98765071924963,""
"135","gamma-glutamyltyrosine","Peptide","Gamma-glutamyl Amino Acid",0.00997416065928975,-0.244569960608418,0.263232178671228,0.93970859013379,0.993926426282083,""
"136","alpha-tocopherol","Cofactors and Vitamins","Tocopherol Metabolism",0.201043611977818,-0.0557258939342735,0.432870311252265,0.123489214096267,0.831141825375282,""
"137","N-acetylalanine","Amino Acid","Alanine and Aspartate Metabolism",-0.174740148514389,-0.41045271891651,0.0828611737946226,0.181759038974987,0.831141825375282,""
"138","vanillylmandelate (VMA)","Amino Acid","Tyrosine Metabolism",-0.143245903700214,-0.383231083802124,0.11485655347864,0.274886023451409,0.841477360738975,""
"139","4-acetamidobutanoate","Amino Acid","Polyamine Metabolism",-0.0113080497541955,-0.264473345204441,0.243315306561843,0.931663644726491,0.993926426282083,""
"140","3-aminoisobutyrate","Nucleotide","Pyrimidine Metabolism, Thymine containing",-0.199332350223207,-0.431420526772869,0.0575028841073692,0.126783369606894,0.831141825375282,""
"141","chenodeoxycholate","Lipid","Primary Bile Acid Metabolism",0.0554075024796344,-0.201350061102977,0.30504048849902,0.674135125047411,0.960981009182483,""
"142","citrate","Energy","TCA Cycle",-0.0625096121710824,-0.311490114636665,0.194502374823765,0.635160321851982,0.960981009182483,""
"143","2-aminobutyrate","Amino Acid","Glutathione Metabolism",0.0364941278299274,-0.21946429767257,0.287752298588488,0.781912182591389,0.971250083747139,""
"144","urate","Nucleotide","Purine Metabolism, (Hypo)Xanthine/Inosine containing",0.0489536782442936,-0.207550996828523,0.299159662058542,0.710310079930005,0.971084441071742,""
"145","ursodeoxycholate","Lipid","Secondary Bile Acid Metabolism",-0.0425341525005544,-0.293291171813839,0.213698595608086,0.746934940895615,0.971250083747139,""
"146","oleoyl ethanolamide","Lipid","Endocannabinoid",0.00653470009200569,-0.247801184216079,0.260027932488164,0.960478375480262,0.993926426282083,""
"147","gamma-glutamylglutamine","Peptide","Gamma-glutamyl Amino Acid",-0.145467031561478,-0.385164648255826,0.112617499170027,0.267434001488168,0.840136154283436,""
"148","4-hydroxyphenylpyruvate","Amino Acid","Tyrosine Metabolism",-0.147638931734885,-0.387053325523788,0.110425532428892,0.260279121136469,0.840136154283436,""
"149","N-acetylneuraminate","Carbohydrate","Aminosugar Metabolism",0.0679039608030638,-0.189284477896441,0.316373593722478,0.606194641601032,0.960981009182483,""
"150","acetoacetate","Lipid","Ketone Bodies",-0.179054127415282,-0.414149020294171,0.0784368035683626,0.171042167626535,0.831141825375282,""
"151","creatine","Amino Acid","Creatine Metabolism",0.217860988490658,-0.0381755989965264,0.447054507392195,0.0944854822414903,0.828516919036565,""
"152","cys-gly, oxidized","Amino Acid","Glutathione Metabolism",0.0860234581157838,-0.171650692941426,0.33268124408776,0.513414069032474,0.95197397510697,""
"153","estrone 3-sulfate","Lipid","Estrogenic Steroids",-0.11354546451297,-0.357172179259659,0.144546811309933,0.387688877658943,0.905790722465325,""
"154","dihomolinoleate (20:2n6)","Lipid","Long Chain Polyunsaturated Fatty Acid (n3 and n6)",-0.187357601962879,-0.421241840362873,0.0698922026473951,0.151724833028338,0.831141825375282,""
"155","2-hydroxystearate","Lipid","Fatty Acid, Monohydroxy",0.228862961502136,-0.0266080394275957,0.456271897392577,0.0785944839373777,0.828516919036565,""
"156","1-methyladenosine","Nucleotide","Purine Metabolism, Adenine containing",-0.0398529411707511,-0.290834501313852,0.216260238341142,0.762403656730874,0.971250083747139,""
"157","glycerol","Lipid","Glycerolipid Metabolism",-0.262365145586077,-0.484042459411709,-0.00904288943976173,0.0428521231848954,0.828516919036565,""
"158","choline","Lipid","Phospholipid Metabolism",-0.122030482137512,-0.364655759220527,0.136111857678564,0.352973288118582,0.902750344938003,""
"159","gamma-glutamylleucine","Peptide","Gamma-glutamyl Amino Acid",-0.0564188491098159,-0.305960321281692,0.200376474619107,0.668529740145275,0.960981009182483,""
"160","3-methoxytyrosine","Amino Acid","Tyrosine Metabolism",-0.0167409336413075,-0.269519923941067,0.23819632624517,0.898975443121138,0.985647226590267,""
"161","4-acetamidophenol","Xenobiotics","Drug - Analgesics, Anesthetics",0.0773956498929554,-0.180067866395695,0.324934522218796,0.55668286189345,0.960981009182483,""
"162","beta-hydroxyisovalerate","Amino Acid","Leucine, Isoleucine and Valine Metabolism",0.167486053157541,-0.0902780714665259,0.404219755739486,0.2008591195506,0.831141825375282,""
"163","ibuprofen","Xenobiotics","Drug - Analgesics, Anesthetics",-0.20154986869391,-0.433298983234804,0.0551998802563847,0.122527259684644,0.831141825375282,""
"164","palmitoyl ethanolamide","Lipid","Endocannabinoid",-0.130007376442817,-0.37166271784947,0.128147750309691,0.322145405196357,0.879476719707844,""
"165","N-linoleoylglycine","Lipid","Fatty Acid Metabolism (Acyl Glycine)",-0.0140094520034953,-0.266984398546671,0.240771758840035,0.915392603150758,0.98991423670009,""
"166","N-palmitoyl-sphingosine (d18:1/16:0)","Lipid","Ceramides",0.182870671086912,-0.0745141229912511,0.417412657805195,0.161951776810754,0.831141825375282,""
"167","1-palmitoyl-2-oleoyl-GPE (16:0/18:1)","Lipid","Phosphatidylethanolamine (PE)",-0.00655475636695364,-0.260046633371088,0.24778235860533,0.960357172977008,0.993926426282083,""
"168","1-palmitoyl-2-linoleoyl-GPI (16:0/18:2)","Lipid","Phosphatidylinositol (PI)",-0.084845043909862,-0.331625130755999,0.172802560497504,0.519221660134096,0.9544168025846,""
"169","1-palmitoyl-2-linoleoyl-GPC (16:0/18:2)","Lipid","Phosphatidylcholine (PC)",-0.0714366321690331,-0.319564584623702,0.185859472897951,0.587543426740916,0.960981009182483,""
"170","stearoyl sphingomyelin (d18:1/18:0)","Lipid","Sphingomyelins",-0.0394195713699742,-0.290437113593968,0.216673951254117,0.76491277709353,0.971250083747139,""
"171","1-palmitoyl-2-oleoyl-GPC (16:0/18:1)","Lipid","Phosphatidylcholine (PC)",0.132498479550696,-0.125653799320726,0.373845292791524,0.312880104507468,0.878433100983111,""
"172","N-stearoyl-sphingosine (d18:1/18:0)*","Lipid","Ceramides",0.16879349725783,-0.0889433935823834,0.40534478238603,0.197315303845172,0.831141825375282,""
"173","glycochenodeoxycholate","Lipid","Primary Bile Acid Metabolism",-0.0227666735284257,-0.275101011267004,0.232502128519659,0.862916704385756,0.978607017649618,""
"174","taurochenodeoxycholate","Lipid","Primary Bile Acid Metabolism",0.0116911940965546,-0.24295476398357,0.264829701076858,0.929354047399608,0.993926426282083,""
"175","taurocholate","Lipid","Primary Bile Acid Metabolism",0.0438876951145708,-0.212404074389351,0.294530103995658,0.739163065766334,0.971250083747139,""
"176","taurodeoxycholate","Lipid","Secondary Bile Acid Metabolism",-0.0542181978422215,-0.30395820437904,0.202494312563668,0.680749430927271,0.960981009182483,""
"177","2-hydroxyhippurate (salicylurate)","Xenobiotics","Benzoate Metabolism",-0.0912961289863432,-0.337399129258833,0.166488158923618,0.487838069259005,0.933711573420461,""
"178","3-(N-acetyl-L-cystein-S-yl) acetaminophen","Xenobiotics","Drug - Analgesics, Anesthetics",0.0872948668342205,-0.170407135186852,0.333820007112111,0.50718532285233,0.950936220141689,""
"179","4-acetaminophen sulfate","Xenobiotics","Drug - Analgesics, Anesthetics",0.0784828700141886,-0.179009261313893,0.325912546216364,0.551136530149069,0.960981009182483,""
"180","eicosapentaenoate (EPA; 20:5n3)","Lipid","Long Chain Polyunsaturated Fatty Acid (n3 and n6)",-0.0430140511074242,-0.293730531679065,0.213239725982854,0.744176508034361,0.971250083747139,""
"181","ethylmalonate","Amino Acid","Leucine, Isoleucine and Valine Metabolism",-0.196827881956223,-0.429296572890237,0.0601006169108009,0.131723942267073,0.831141825375282,""
"182","carnitine","Lipid","Carnitine Metabolism",0.16669921000367,-0.0910808583643511,0.403542349226047,0.203013525771728,0.831141825375282,""
"183","3-phenylpropionate (hydrocinnamate)","Xenobiotics","Benzoate Metabolism",0.0526766258945559,-0.203976444331239,0.302554392051446,0.689358515366764,0.960981009182483,""
"184","hippurate","Xenobiotics","Benzoate Metabolism",-0.0165576767480878,-0.269349923490738,0.238369225981252,0.900075642001175,0.985647226590267,""
"185","xanthurenate","Amino Acid","Tryptophan Metabolism",0.159533312430794,-0.0983765706356043,0.397361134280524,0.223390956263822,0.831141825375282,""
"186","suberate (C8-DC)","Lipid","Fatty Acid, Dicarboxylate",-0.0685099744550179,-0.316921393494702,0.188697378282542,0.602976830529229,0.960981009182483,""
"187","3-methyl-2-oxovalerate","Amino Acid","Leucine, Isoleucine and Valine Metabolism",-0.0471296959612762,-0.297494168435463,0.209299779374057,0.720654389784227,0.971250083747139,""
"188","methionine sulfoxide","Amino Acid","Methionine, Cysteine, SAM and Taurine Metabolism",0.114487303459859,-0.143612376527554,0.358004404525344,0.383738468277029,0.905790722465325,""
"189","3-methylhistidine","Amino Acid","Histidine Metabolism",0.00410513419279079,-0.250080250611557,0.257761147673821,0.97516631056412,0.995295890369342,""
"190","4-acetamidophenylglucuronide","Xenobiotics","Drug - Analgesics, Anesthetics",0.078128881955043,-0.179353998072536,0.325594169463843,0.552939451807087,0.960981009182483,""
"191","5-hydroxylysine","Amino Acid","Lysine Metabolism",-0.145147601942933,-0.384886703830199,0.112939668309359,0.268497297020782,0.840136154283436,""
"192","glucuronate","Carbohydrate","Aminosugar Metabolism",-0.0972366999108288,-0.342699868377524,0.160654695465031,0.459844972696111,0.925932184840585,""
"193","glycerol 3-phosphate","Lipid","Glycerolipid Metabolism",-0.0610508105171311,-0.310167205102336,0.195910964171794,0.643090350624798,0.960981009182483,""
"194","imidazole lactate","Amino Acid","Histidine Metabolism",-0.0561267330407364,-0.305694685795495,0.200657736195676,0.670146961653036,0.960981009182483,""
"195","kynurenine","Amino Acid","Tryptophan Metabolism",0.204160427594625,-0.0524851786855568,0.435507806150291,0.117657120962298,0.831141825375282,""
"196","glycerophosphorylcholine (GPC)","Lipid","Phospholipid Metabolism",0.145852000663597,-0.112229156342866,0.385499562599312,0.2661562935833,0.840136154283436,""
"197","maltotetraose","Carbohydrate","Glycogen Metabolism",-0.178138067382205,-0.41336477008121,0.0793771538774456,0.173278395773949,0.831141825375282,""
"198","maltotriose","Carbohydrate","Glycogen Metabolism",-0.130310600059705,-0.371928529473921,0.127844354463175,0.321008382672065,0.879069109471195,""
"199","N-acetylglutamate","Amino Acid","Glutamate Metabolism",-0.154342588333296,-0.392870160767191,0.103644069838173,0.239014131917643,0.831141825375282,""
"200","tartarate","Xenobiotics","Food Component/Plant",0.100848641174672,-0.157099047546151,0.345915161546787,0.443262762388487,0.924581214313795,""
"201","ribitol","Carbohydrate","Pentose Metabolism",0.111109879664679,-0.146961116542017,0.355018259106973,0.398015907090899,0.905790722465325,""
"202","2-isopropylmalate","Xenobiotics","Food Component/Plant",-0.0624134491114053,-0.311402939181727,0.194595260572911,0.635681822877508,0.960981009182483,""
"203","glycodeoxycholate","Lipid","Secondary Bile Acid Metabolism",-0.104053611896694,-0.348763364563761,0.153938417896339,0.428831962197446,0.923074246881848,""
"204","theophylline","Xenobiotics","Xanthine Metabolism",0.174407684679584,-0.0832017241817591,0.410167535569824,0.18260464063127,0.831141825375282,""
"205","quinate","Xenobiotics","Food Component/Plant",0.201002478030095,-0.0557686268980558,0.432835476548342,0.123567625496668,0.831141825375282,""
"206","theobromine","Xenobiotics","Xanthine Metabolism",0.0643637078597,-0.192710566505975,0.313170103603436,0.625140096381093,0.960981009182483,""
"207","gentisate","Amino Acid","Tyrosine Metabolism",0.00821016256209669,-0.246227866611738,0.261589512809244,0.950356683914871,0.993926426282083,""
"208","paraxanthine","Xenobiotics","Xanthine Metabolism",0.190104383804471,-0.0670573230508174,0.423581858413783,0.145705180444485,0.831141825375282,""
"209","indolelactate","Amino Acid","Tryptophan Metabolism",0.148306430984577,-0.109751361320093,0.387633377366092,0.258106344346128,0.840136154283436,""
"210","3-indoxyl sulfate","Amino Acid","Tryptophan Metabolism",0.200286451112975,-0.0565123375305966,0.4322289908969,0.12493861994673,0.831141825375282,""
"211","gamma-glutamylphenylalanine","Peptide","Gamma-glutamyl Amino Acid",-0.0942370062789114,-0.340025210146128,0.163602558733854,0.47386940507526,0.926828676604874,""
"212","4-methyl-2-oxopentanoate","Amino Acid","Leucine, Isoleucine and Valine Metabolism",-0.0364853768074904,-0.287744261441116,0.219472638295242,0.781963190651687,0.971250083747139,""
"213","1,5-anhydroglucitol (1,5-AG)","Carbohydrate","Glycolysis, Gluconeogenesis, and Pyruvate Metabolism",-0.0783616607891213,-0.325803536994283,0.179127309915497,0.551753552365557,0.960981009182483,""
"214","2-arachidonoylglycerol (20:4)","Lipid","Monoacylglycerol",0.0533884221755297,-0.203292239780914,0.303202714769974,0.685378459013115,0.960981009182483,""
"215","1-stearoyl-2-arachidonoyl-GPI (18:0/20:4)","Lipid","Phosphatidylinositol (PI)",-0.0674888183058999,-0.315998234291041,0.189686557451399,0.60840327268349,0.960981009182483,""
"216","sphingosine 1-phosphate","Lipid","Sphingosines",0.0954819814018201,-0.162379653658261,0.341135767400394,0.468021168209462,0.926828676604874,""
"217","1-oleoyl-GPS (18:1)","Lipid","Lysophospholipid",0.0580883834673448,-0.1987681643681,0.307477765621347,0.659315728696281,0.960981009182483,""
"218","1-stearoyl-2-oleoyl-GPS (18:0/18:1)","Lipid","Phosphatidylserine (PS)",-0.021341632649491,-0.273782660898371,0.233850343992797,0.871422040916588,0.978607017649618,""
"219","1-stearoyl-GPI (18:0)","Lipid","Lysophospholipid",0.153299926996812,-0.104700410420816,0.391966684051698,0.242240722936607,0.831141825375282,""
"220","1,2-dipalmitoyl-GPC (16:0/16:0)","Lipid","Phosphatidylcholine (PC)",0.0565013770497922,-0.200297005595347,0.306035360951794,0.668073117421102,0.960981009182483,""
"221","docosahexaenoate (DHA; 22:6n3)","Lipid","Long Chain Polyunsaturated Fatty Acid (n3 and n6)",-0.0665120329661845,-0.315114747225824,0.190632266981997,0.61361365585121,0.960981009182483,""
"222","1-myristoyl-2-palmitoyl-GPC (14:0/16:0)","Lipid","Phosphatidylcholine (PC)",0.159207795129121,-0.0987073278912715,0.397079833692381,0.224349271779951,0.831141825375282,""
"223","alpha-hydroxyisocaproate","Amino Acid","Leucine, Isoleucine and Valine Metabolism",0.0684744913467249,-0.188731759010602,0.31688932347328,0.603165032275207,0.960981009182483,""
"224","maleate","Lipid","Fatty Acid, Dicarboxylate",0.144071399241885,-0.114024701567893,0.383949950353147,0.27210047718092,0.840866057954927,""
"225","4-acetylphenyl sulfate","Xenobiotics","Benzoate Metabolism",0.0295062624455016,-0.226112558666301,0.281323187746744,0.822916560170876,0.978057183043045,""
"226","2-hydroxyoctanoate","Lipid","Fatty Acid, Monohydroxy",0.00635902161068865,-0.24796607475893,0.259864118133588,0.961540059583004,0.993926426282083,""
"227","3-hydroxyoctanoate","Lipid","Fatty Acid, Monohydroxy",-0.151964541051342,-0.390808885703546,0.106052466292817,0.246416575218247,0.831141825375282,""
"228","phenyllactate (PLA)","Amino Acid","Phenylalanine Metabolism",-0.0886301533759392,-0.335015209407035,0.169100214516445,0.500685507823887,0.946093634741528,""
"229","palmitoylcarnitine (C16)","Lipid","Fatty Acid Metabolism (Acyl Carnitine, Long Chain Saturated)",0.0149456539272806,-0.2398894458932,0.267853832097257,0.909761392236872,0.988181425430885,""
"230","hexanoylcarnitine (C6)","Lipid","Fatty Acid Metabolism (Acyl Carnitine, Medium Chain)",-0.135950892725297,-0.37686570485256,0.122192036403239,0.300324863012375,0.867821844418875,""
"231","N-acetylaspartate (NAA)","Amino Acid","Alanine and Aspartate Metabolism",0.0761330215333624,-0.181296515044033,0.323798042428237,0.563157078357939,0.960981009182483,""
"232","dehydroepiandrosterone sulfate (DHEA-S)","Lipid","Androgenic Steroids",0.0125305131698785,-0.242164710566574,0.265610095561276,0.924296675765107,0.992308855767124,""
"233","acetylcarnitine (C2)","Lipid","Fatty Acid Metabolism (Acyl Carnitine, Short Chain)",-0.046119186290885,-0.29657080709609,0.210267921832614,0.726406915479558,0.971250083747139,""
"234","cysteine s-sulfate","Amino Acid","Methionine, Cysteine, SAM and Taurine Metabolism",-0.0710806506596736,-0.319243288472666,0.186204888558342,0.589411117692504,0.960981009182483,""
"235","tartronate (hydroxymalonate)","Xenobiotics","Food Component/Plant",0.120264008463892,-0.137870998859094,0.36310035141014,0.360037998520681,0.902750344938003,""
"236","oxalate (ethanedioate)","Cofactors and Vitamins","Ascorbate and Aldarate Metabolism",0.00684885051333705,-0.247506288180628,0.260320830960236,0.958580030262759,0.993926426282083,""
"237","erythritol","Xenobiotics","Food Component/Plant",0.0170524000221675,-0.237902425979806,0.269808823316795,0.897105962110343,0.985647226590267,""
"238","saccharin","Xenobiotics","Food Component/Plant",-0.101048697686542,-0.346093080630803,0.156901913334883,0.442354150281994,0.924581214313795,""
"239","3-hydroxymyristate","Lipid","Fatty Acid, Monohydroxy",-0.169201878529165,-0.405696038615368,0.0885263160274331,0.196217580571825,0.831141825375282,""
"240","1-oleoylglycerol (18:1)","Lipid","Monoacylglycerol",0.0455245854203319,-0.210837358223344,0.296027266853159,0.729798857118479,0.971250083747139,""
"241","3-methyl-2-oxobutyrate","Amino Acid","Leucine, Isoleucine and Valine Metabolism",-0.163528196086076,-0.400809735738361,0.0943127340016617,0.211861904940108,0.831141825375282,""
"242","2-oleoylglycerol (18:1)","Lipid","Monoacylglycerol",-0.0168954551420493,-0.26966325541853,0.238050525300921,0.898047906525795,0.985647226590267,""
"243","homoarginine","Amino Acid","Urea cycle; Arginine and Proline Metabolism",0.0454010742476336,-0.210955620381311,0.295914341699271,0.730504083873812,0.971250083747139,""
"244","homocitrulline","Amino Acid","Urea cycle; Arginine and Proline Metabolism",0.222633302475067,-0.0331663639733816,0.451058710949383,0.0873094004363223,0.828516919036565,""
"245","2-linoleoylglycerol (18:2)","Lipid","Monoacylglycerol",-0.0456268928308701,-0.296120800295921,0.210739393020786,0.729214868509265,0.971250083747139,""
"246","3-hydroxydecanoate","Lipid","Fatty Acid, Monohydroxy",-0.152145889566062,-0.390966161770982,0.105868909931072,0.245846620307772,0.831141825375282,""
"247","citramalate","Amino Acid","Glutamate Metabolism",-0.00570110126506864,-0.259250499571694,0.248583463102148,0.965516668632353,0.994095041931219,""
"248","EDTA","Xenobiotics","Chemical",-0.00827955939135404,-0.261654164098916,0.246162671638965,0.949937605626841,0.993926426282083,""
"249","N-acetylglycine","Amino Acid","Glycine, Serine and Threonine Metabolism",-0.171511813259343,-0.407681541724493,0.0861654898170245,0.190090479213868,0.831141825375282,""
"250","ribonate","Carbohydrate","Pentose Metabolism",-0.0326939059316353,-0.28425875178064,0.223082782966678,0.804146100824947,0.975121026707989,""
"251","threonate","Cofactors and Vitamins","Ascorbate and Aldarate Metabolism",0.0545062142631932,-0.202217271074157,0.304220362579759,0.679145411565855,0.960981009182483,""
"252","galactonate","Carbohydrate","Fructose, Mannose and Galactose Metabolism",-0.0721044528247664,-0.320167181732139,0.185211302154082,0.584046856335586,0.960981009182483,""
"253","beta-sitosterol","Lipid","Sterol",0.174931644135142,-0.0826649930954314,0.410616960555652,0.18127326747012,0.831141825375282,""
"254","indoleacetate","Amino Acid","Tryptophan Metabolism",0.0624050043532131,-0.194603417307136,0.311395283488477,0.635727627979204,0.960981009182483,""
"255","1-linoleoylglycerol (18:2)","Lipid","Monoacylglycerol",-0.00902083261999301,-0.262344605263425,0.245466137525711,0.945462018481193,0.993926426282083,""
"256","1-methylhistidine","Amino Acid","Histidine Metabolism",0.218754981393869,-0.037238202371505,0.447805310751069,0.0931072729672793,0.828516919036565,""
"257","butyrylcarnitine (C4)","Lipid","Fatty Acid Metabolism (also BCAA Metabolism)",-0.173535630345888,-0.409419279061341,0.0840947037780376,0.184836146290236,0.831141825375282,""
"258","isobutyrylcarnitine (C4)","Amino Acid","Leucine, Isoleucine and Valine Metabolism",0.130724238833177,-0.127430402821117,0.37229106925348,0.31946144983315,0.879069109471195,""
"259","7-ketodeoxycholate","Lipid","Secondary Bile Acid Metabolism",0.120898593699665,-0.13723923512107,0.363659269488802,0.357490194932174,0.902750344938003,""
"260","glycolithocholate","Lipid","Secondary Bile Acid Metabolism",0.156530614787449,-0.101425443693151,0.394764612189206,0.23233944359345,0.831141825375282,""
"261","androsterone sulfate","Lipid","Androgenic Steroids",0.0324098834080798,-0.223352939988381,0.283997381087972,0.805814280227861,0.975121026707989,""
"262","indolepropionate","Amino Acid","Tryptophan Metabolism",-0.0274986093802124,-0.279471878101591,0.228018247817911,0.834790205906709,0.978057183043045,""
"263","N-(2-furoyl)glycine","Xenobiotics","Food Component/Plant",0.182608567543533,-0.0747837705189843,0.417188718769585,0.162564470890843,0.831141825375282,""
"264","trigonelline (N'-methylnicotinate)","Cofactors and Vitamins","Nicotinate and Nicotinamide Metabolism",0.252194547484541,-0.00184853200109691,0.475658808743068,0.0519020798453895,0.828516919036565,""
"265","dodecanedioate (C12)","Lipid","Fatty Acid, Dicarboxylate",-0.144878971732375,-0.384652927690706,0.113210560368446,0.269393680887708,0.840136154283436,""
"266","N-acetyltyrosine","Amino Acid","Tyrosine Metabolism",0.077311482329076,-0.180149793850923,0.324858786027705,0.557113335623446,0.960981009182483,""
"267","1,3-dimethylurate","Xenobiotics","Xanthine Metabolism",0.204980514227415,-0.051631592760006,0.436201116014574,0.116158151765052,0.831141825375282,""
"268","3-methylxanthine","Xenobiotics","Xanthine Metabolism",0.0653346251745093,-0.191771582212994,0.314049227267536,0.619919537557479,0.960981009182483,""
"269","3-hydroxylaurate","Lipid","Fatty Acid, Monohydroxy",-0.226476983196847,-0.454277073952696,0.029122498799641,0.0818470645159633,0.828516919036565,""
"270","pyridoxate","Cofactors and Vitamins","Vitamin B6 Metabolism",0.136963901773138,-0.121175090706902,0.377750984757837,0.296703854634676,0.867821844418875,""
"271","gamma-glutamylvaline","Peptide","Gamma-glutamyl Amino Acid",0.204847414547205,-0.0517701548526576,0.436088610803566,0.116400435248127,0.831141825375282,""
"272","3-hydroxysebacate","Lipid","Fatty Acid, Monohydroxy",0.0154514124123067,-0.239412624300505,0.268323349419317,0.906721096516433,0.987825677282681,""
"273","5-hydroxyhexanoate","Lipid","Fatty Acid, Monohydroxy",-0.0213074291980586,-0.273751006542405,0.233882691445652,0.871626365757228,0.978607017649618,""
"274","propionylglycine (C3)","Lipid","Fatty Acid Metabolism (also BCAA Metabolism)",0.0714982045802907,-0.185799721559105,0.319620151887995,0.587220651939877,0.960981009182483,""
"275","butyrylglycine (C4)","Lipid","Fatty Acid Metabolism (also BCAA Metabolism)",-0.205483207927575,-0.436625962888365,0.0511081793661048,0.115246570325516,0.831141825375282,""
"276","propionylcarnitine (C3)","Lipid","Fatty Acid Metabolism (also BCAA Metabolism)",0.117213852829533,-0.140904664531268,0.36041145162779,0.372438391010273,0.902750344938003,""
"277","prolylhydroxyproline","Amino Acid","Urea cycle; Arginine and Proline Metabolism",-0.152162429943909,-0.390980505862693,0.105852167305548,0.245794680872468,0.831141825375282,""
"278","3-hydroxy-2-ethylpropionate","Amino Acid","Leucine, Isoleucine and Valine Metabolism",0.132728632297338,-0.125423218689431,0.374046805859812,0.312032796805806,0.878433100983111,""
"279","3-carboxy-4-methyl-5-propyl-2-furanpropanoate (CMPF)","Lipid","Fatty Acid, Dicarboxylate",-0.112278553340587,-0.356052104070203,0.145803037140064,0.393040662737873,0.905790722465325,""
"280","docosapentaenoate (DPA; 22:5n3)","Lipid","Long Chain Polyunsaturated Fatty Acid (n3 and n6)",-0.098237566692625,-0.343591400549025,0.159670097496578,0.455216493883991,0.924983286659251,""
"281","docosadienoate (22:2n6)","Lipid","Long Chain Polyunsaturated Fatty Acid (n3 and n6)",-0.180345057891986,-0.415253609451538,0.0771108644665666,0.16792666277316,0.831141825375282,""
"282","adrenate (22:4n6)","Lipid","Long Chain Polyunsaturated Fatty Acid (n3 and n6)",-0.156553429525763,-0.394784355130198,0.101402296364588,0.232270531732979,0.831141825375282,""
"283","docosatrienoate (22:3n3)","Lipid","Long Chain Polyunsaturated Fatty Acid (n3 and n6)",-0.0112768283721549,-0.264444303694737,0.243344683087959,0.931851872433275,0.993926426282083,""
"284","10-undecenoate (11:1n1)","Lipid","Medium Chain Fatty Acid",-0.115527013474439,-0.358922661281847,0.142580305361952,0.37940553811978,0.905790722465325,""
"285","myristoleate (14:1n5)","Lipid","Long Chain Monounsaturated Fatty Acid",-0.27398742950297,-0.493573172067296,-0.0215629053530916,0.0341434100736816,0.828516919036565,""
"286","1-methyl-4-imidazoleacetate","Amino Acid","Histidine Metabolism",-0.0343458937059682,-0.285778246624446,0.221510663188195,0.794460742660581,0.971250083747139,""
"287","sebacate (C10-DC)","Lipid","Fatty Acid, Dicarboxylate",-0.0806279154127175,-0.327840599716517,0.176918922294928,0.540272071578719,0.960981009182483,""
"288","guanidinosuccinate","Amino Acid","Guanidino and Acetamido Metabolism",0.210549455057944,-0.0458252342806773,0.440901906788265,0.106362731762983,0.831141825375282,""
"289","delta-tocopherol","Cofactors and Vitamins","Tocopherol Metabolism",-0.229283804352433,-0.456623510718143,0.0261641992354008,0.0780315642538242,0.828516919036565,""
"290","stearidonate (18:4n3)","Lipid","Long Chain Polyunsaturated Fatty Acid (n3 and n6)",-0.285733608166072,-0.503152193057998,-0.034297343383535,0.0268916710227703,0.828516919036565,""
"291","5-dodecenoate (12:1n7)","Lipid","Medium Chain Fatty Acid",-0.301482395847391,-0.515912055664276,-0.0515002334345402,0.0192372770717954,0.828516919036565,""
"292","octanoylcarnitine (C8)","Lipid","Fatty Acid Metabolism (Acyl Carnitine, Medium Chain)",-0.0480766076021071,-0.298358991689694,0.208392112006654,0.715277839237401,0.971250083747139,""
"293","decanoylcarnitine (C10)","Lipid","Fatty Acid Metabolism (Acyl Carnitine, Medium Chain)",-0.0432051570041966,-0.293905464693827,0.213056962796629,0.7430789280991,0.971250083747139,""
"294","N-acetylglutamine","Amino Acid","Glutamate Metabolism",-0.0525088805322493,-0.30240157150255,0.204137650794321,0.690297699777652,0.960981009182483,""
"295","N-acetyltryptophan","Amino Acid","Tryptophan Metabolism",0.0590294912098754,-0.197860958198888,0.308332582360018,0.654143831909049,0.960981009182483,""
"296","N-acetylphenylalanine","Amino Acid","Phenylalanine Metabolism",-0.0632883903085361,-0.312195952138875,0.193749968186674,0.630943447600101,0.960981009182483,""
"297","1-palmitoyl-GPC (16:0)","Lipid","Lysophospholipid",0.113235120867338,-0.144854614423265,0.356897869463976,0.388995838483813,0.905790722465325,""
"298","N-acetylarginine","Amino Acid","Urea cycle; Arginine and Proline Metabolism",0.0517982109364751,-0.20482046333848,0.301753989797787,0.694281785285772,0.960981009182483,""
"299","piperine","Xenobiotics","Food Component/Plant",-0.0696968650781672,-0.317993791049481,0.187546998291251,0.596696476455496,0.960981009182483,""
"300","campesterol","Lipid","Sterol",0.140711684370938,-0.117408027106704,0.381022390991281,0.283555578994129,0.849712004393182,""
"301","myristoylcarnitine (C14)","Lipid","Fatty Acid Metabolism (Acyl Carnitine, Long Chain Saturated)",0.00214017541910761,-0.25192143202901,0.255925796639349,0.98705169269934,0.999093744848646,""
"302","1-stearoyl-GPC (18:0)","Lipid","Lysophospholipid",0.168081109189703,-0.0896707353256602,0.404731877087343,0.199240658279599,0.831141825375282,""
"303","1-oleoyl-GPC (18:1)","Lipid","Lysophospholipid",0.244944813947206,-0.0095754584073621,0.469657947832949,0.0592589193525354,0.828516919036565,""
"304","N-acetylthreonine","Amino Acid","Glycine, Serine and Threonine Metabolism",-0.144834392529907,-0.384614129547806,0.113255511213021,0.269542629108841,0.840136154283436,""
"305","N-acetylisoleucine","Amino Acid","Leucine, Isoleucine and Valine Metabolism",-0.00938446764042693,-0.262683209578331,0.245124353391656,0.943267102600441,0.993926426282083,""
"306","10-nonadecenoate (19:1n9)","Lipid","Long Chain Monounsaturated Fatty Acid",-0.141436415575656,-0.381654308903108,0.116678709301935,0.281058072170044,0.847937912648607,""
"307","10-heptadecenoate (17:1n7)","Lipid","Long Chain Monounsaturated Fatty Acid",-0.195552524703169,-0.428213997033467,0.0614221315197506,0.134295019097533,0.831141825375282,""
"308","hyocholate","Lipid","Secondary Bile Acid Metabolism",0.0446874958303806,-0.211638726032229,0.295261786252292,0.734582817897822,0.971250083747139,""
"309","epiandrosterone sulfate","Lipid","Androgenic Steroids",0.155138062883542,-0.102837767437707,0.393559138073554,0.236572421210237,0.831141825375282,""
"310","N-acetylhistidine","Amino Acid","Histidine Metabolism",-0.0728892456094891,-0.320875070283097,0.184449314806654,0.579949945935613,0.960981009182483,""
"311","gamma-glutamylglycine","Peptide","Gamma-glutamyl Amino Acid",-0.179728661858433,-0.414726274433574,0.0777440901131977,0.169409043084701,0.831141825375282,""
"312","gamma-glutamyltryptophan","Peptide","Gamma-glutamyl Amino Acid",0.117923351733991,-0.140199433726486,0.36103727948646,0.369531171438908,0.902750344938003,""
"313","stachydrine","Xenobiotics","Food Component/Plant",0.0175046783702902,-0.237475572141402,0.270228251263597,0.894392293398632,0.985647226590267,""
"314","alpha-hydroxyisovalerate","Amino Acid","Leucine, Isoleucine and Valine Metabolism",0.0597410518838895,-0.197174737826257,0.308978632228423,0.650244111534086,0.960981009182483,""
"315","gamma-glutamylmethionine","Peptide","Gamma-glutamyl Amino Acid",-0.238529755591653,-0.464330604636946,0.0163875156498672,0.0664512688147702,0.828516919036565,""
"316","p-cresol sulfate","Xenobiotics","Benzoate Metabolism",0.134525018628128,-0.123622533764492,0.37561887137287,0.305470060083844,0.875370429606745,""
"317","erythronate*","Carbohydrate","Aminosugar Metabolism",0.0367281330096022,-0.219241252838334,0.28796720139189,0.780548549944399,0.971250083747139,""
"318","eicosenoate (20:1n9 or 1n11)","Lipid","Long Chain Monounsaturated Fatty Acid",-0.201026289368563,-0.432855641508011,0.0557438900467633,0.123522230629199,0.831141825375282,""
"319","linolenate (18:3n3 or 3n6)","Lipid","Long Chain Polyunsaturated Fatty Acid (n3 and n6)",-0.30054476190696,-0.515155027568423,-0.0504718565421945,0.0196343184022025,0.828516919036565,""
"320","aconitate [cis or trans]","Energy","TCA Cycle",-0.108986906841706,-0.353138684076857,0.14906303576142,0.407147732014339,0.907245349072741,""
"321","heme","Cofactors and Vitamins","Hemoglobin and Porphyrin Metabolism",0.150450475571688,-0.107584278967873,0.389495254832582,0.25121028205163,0.831141825375282,""
"322","stearoylcarnitine (C18)","Lipid","Fatty Acid Metabolism (Acyl Carnitine, Long Chain Saturated)",0.131687813256493,-0.126465750676731,0.373135322426087,0.315876313444824,0.879069109471195,""
"323","laurylcarnitine (C12)","Lipid","Fatty Acid Metabolism (Acyl Carnitine, Medium Chain)",0.0322390412811464,-0.223515422965937,0.283840146231689,0.806818120477046,0.975121026707989,""
"324","isovalerylcarnitine (C5)","Amino Acid","Leucine, Isoleucine and Valine Metabolism",-0.0607337808720914,-0.309879580128549,0.19621694138088,0.644819010519181,0.960981009182483,""
"325","1-linoleoyl-GPC (18:2)","Lipid","Lysophospholipid",0.0857094829010544,-0.171957663964318,0.332399915015823,0.514958211012108,0.95197397510697,""
"326","7-methylxanthine","Xenobiotics","Xanthine Metabolism",0.0991837016068636,-0.158738869697658,0.344433773330767,0.450864713913159,0.924581214313795,""
"327","1,3,7-trimethylurate","Xenobiotics","Xanthine Metabolism",0.154579572371388,-0.103403895474838,0.393075445656093,0.238284905353238,0.831141825375282,""
"328","3,7-dimethylurate","Xenobiotics","Xanthine Metabolism",0.0657742756746777,-0.191346236733919,0.314447171550275,0.617561668209194,0.960981009182483,""
"329","1,7-dimethylurate","Xenobiotics","Xanthine Metabolism",0.117531865660584,-0.140588597144747,0.360691988354209,0.371133609181014,0.902750344938003,""
"330","1-methylurate","Xenobiotics","Xanthine Metabolism",0.226909948857122,-0.0286664587523322,0.454639229396855,0.0812490764474598,0.828516919036565,""
"331","5-acetylamino-6-amino-3-methyluracil","Xenobiotics","Xanthine Metabolism",0.214512262790532,-0.0416829059394898,0.444239268884019,0.0997899572235563,0.831141825375282,""
"332","indolebutyrate","Amino Acid","Tryptophan Metabolism",0.230209418537987,-0.0251876495359478,0.457396609639394,0.0768047096570118,0.828516919036565,""
"333","1-methylxanthine","Xenobiotics","Xanthine Metabolism",0.210133512632075,-0.046259508792704,0.44055124234955,0.107071555852938,0.831141825375282,""
"334","N1-methylinosine","Nucleotide","Purine Metabolism, (Hypo)Xanthine/Inosine containing",0.063669774445691,-0.19338138839879,0.312541515492893,0.628882604834449,0.960981009182483,""
"335","N2,N2-dimethylguanosine","Nucleotide","Purine Metabolism, Guanine containing",-0.276139511157266,-0.495332192309461,-0.0238899388483333,0.0327047825306162,0.828516919036565,""
"336","N4-acetylcytidine","Nucleotide","Pyrimidine Metabolism, Cytidine containing",-0.217559638672749,-0.446801351540735,0.0384914779547986,0.0949536244289097,0.828516919036565,""
"337","N6-carbamoylthreonyladenosine","Nucleotide","Purine Metabolism, Adenine containing",-0.0736309268841058,-0.321543817399951,0.183728901737167,0.576090199146609,0.960981009182483,""
"338","orotidine","Nucleotide","Pyrimidine Metabolism, Orotate containing",0.0495412390601551,-0.206987310807742,0.299695844351848,0.706988792216128,0.970731424724108,""
"339","phenylacetylglutamine","Peptide","Acetylated Peptides",0.0808594812275794,-0.176693123205838,0.328048617348394,0.539105482848328,0.960981009182483,""
"340","4-hydroxyhippurate","Xenobiotics","Benzoate Metabolism",-0.2502676687791,-0.474065890000779,0.00390520613201742,0.0537806884179062,0.828516919036565,""
"341","5,6-dihydrouridine","Nucleotide","Pyrimidine Metabolism, Uracil containing",-0.0855985494133605,-0.332300505542361,0.172066110774054,0.51550434724424,0.95197397510697,""
"342","1-pentadecanoylglycerol (15:0)","Lipid","Monoacylglycerol",0.0171896773029607,-0.237772876053463,0.26993613985474,0.896282173493876,0.985647226590267,""
"343","1-arachidonylglycerol (20:4)","Lipid","Monoacylglycerol",0.0613837501131649,-0.195589577798398,0.310469215282827,0.641276962562466,0.960981009182483,""
"344","1-linolenoylglycerol (18:3)","Lipid","Monoacylglycerol",-0.0322204794149437,-0.283823061970067,0.223533075760919,0.806927205648564,0.975121026707989,""
"345","cysteine-glutathione disulfide","Amino Acid","Glutathione Metabolism",0.138158376950258,-0.119975277102594,0.378794284646148,0.292470884600674,0.862611622717978,""
"346","1-palmitoyl-GPA (16:0)","Lipid","Lysophospholipid",0.0455905434349185,-0.210774200238147,0.296087568804312,0.729422339722216,0.971250083747139,""
"347","5-methyluridine (ribothymidine)","Nucleotide","Pyrimidine Metabolism, Uracil containing",-0.093688460776127,-0.339535672510604,0.164141128636443,0.476458542964024,0.926828676604874,""
"348","isovalerylglycine","Amino Acid","Leucine, Isoleucine and Valine Metabolism",0.0485535271476343,-0.207934790804876,0.298794411206868,0.712575077817026,0.971250083747139,""
"349","3-hydroxydodecanedioate*","Lipid","Fatty Acid, Dicarboxylate",-0.0184021784483497,-0.271060279141932,0.236628232718075,0.889010888192201,0.985647226590267,""
"350","7-methylguanine","Nucleotide","Purine Metabolism, Guanine containing",0.123138070935042,-0.135008035455215,0.365630318397399,0.348587548725896,0.899254835843615,""
"351","1-stearoyl-GPE (18:0)","Lipid","Lysophospholipid",0.0359549019670045,-0.219978165405693,0.287256994611397,0.785056926547044,0.971250083747139,""
"352","1-stearoyl-GPG (18:0)","Lipid","Lysophospholipid",0.0933639744008442,-0.164459641708987,0.339246028915337,0.477993665799592,0.926828676604874,""
"353","N1-Methyl-2-pyridone-5-carboxamide","Cofactors and Vitamins","Nicotinate and Nicotinamide Metabolism",0.159748505913088,-0.0981578818254756,0.397547072372005,0.222758999489746,0.831141825375282,""
"354","N1-Methyl-4-pyridone-3-carboxamide","Cofactors and Vitamins","Nicotinate and Nicotinamide Metabolism",0.0364271994670317,-0.219528086321444,0.287690829086674,0.782302318610449,0.971250083747139,""
"355","mead acid (20:3n9)","Lipid","Long Chain Polyunsaturated Fatty Acid (n3 and n6)",-0.218045357698114,-0.447209372888451,0.0379823154648236,0.0941999570531053,0.828516919036565,""
"356","gamma-glutamylisoleucine*","Peptide","Gamma-glutamyl Amino Acid",-0.0131721570815319,-0.266206469109986,0.241560501446969,0.920432406836609,0.990549990428757,""
"357","oleoylcarnitine (C18:1)","Lipid","Fatty Acid Metabolism (Acyl Carnitine, Monounsaturated)",-0.0273809594543695,-0.279363331870388,0.228129861895323,0.835487176461835,0.978057183043045,""
"358","2-methylbutyrylcarnitine (C5)","Amino Acid","Leucine, Isoleucine and Valine Metabolism",0.0998918425782456,-0.158041585660379,0.34506399455505,0.447622661988415,0.924581214313795,""
"359","phenol sulfate","Amino Acid","Tyrosine Metabolism",-0.0215953061746019,-0.274017411718877,0.233610418044212,0.869906905737638,0.978607017649618,""
"360","1-palmitoleoyl-GPC* (16:1)*","Lipid","Lysophospholipid",0.1434780576754,-0.114622648482098,0.383433279912398,0.274100735550999,0.841477360738975,""
"361","hexanoylglycine (C6)","Lipid","Fatty Acid Metabolism (Acyl Glycine)",-0.154550253460064,-0.393050049751324,0.103433610713889,0.238375039941355,0.831141825375282,""
"362","glutamine_degradant*","Partially Characterized Molecules","Partially Characterized Molecules",0.206832854291101,-0.0497022065618136,0.437766094140461,0.112826230267635,0.831141825375282,""
"363","2-hydroxy-3-methylvalerate","Amino Acid","Leucine, Isoleucine and Valine Metabolism",0.035704778066917,-0.220216478536769,0.287027198566167,0.786516803481314,0.971250083747139,""
"364","homostachydrine*","Xenobiotics","Food Component/Plant",0.0918039271051597,-0.165990220620301,0.337852845584561,0.485410768208143,0.931068068330275,""
"365","1-arachidonoyl-GPC* (20:4)*","Lipid","Lysophospholipid",0.11065257247857,-0.147414085632928,0.354613548529687,0.399972757223452,0.905790722465325,""
"366","2-palmitoleoyl-GPC* (16:1)*","Lipid","Lysophospholipid",0.109099616959707,-0.148951501979951,0.353238521599328,0.406659880103766,0.907245349072741,""
"367","2-palmitoyl-GPC* (16:0)*","Lipid","Lysophospholipid",0.0669257192883353,-0.19023180008815,0.315488972642155,0.611404623043624,0.960981009182483,""
"368","1-palmitoyl-GPE (16:0)","Lipid","Lysophospholipid",0.0684833938137563,-0.188723133182415,0.316897369673745,0.603117811337491,0.960981009182483,""
"369","1-oleoyl-GPE (18:1)","Lipid","Lysophospholipid",0.0300809411935607,-0.225566706039915,0.281852769272624,0.819524933290026,0.976408555057729,""
"370","1-linoleoyl-GPE (18:2)*","Lipid","Lysophospholipid",0.0259479496238682,-0.229488814510002,0.278040690471017,0.843986423120291,0.978057183043045,""
"371","1-arachidonoyl-GPE (20:4n6)*","Lipid","Lysophospholipid",0.0951711095643384,-0.16268508880029,0.340858524095052,0.469477822215671,0.926828676604874,""
"372","N-acetylcitrulline","Amino Acid","Urea cycle; Arginine and Proline Metabolism",0.129364490566514,-0.128790841558525,0.371099020703884,0.324564541370172,0.883371381710865,""
"373","2-hydroxypalmitate","Lipid","Fatty Acid, Monohydroxy",0.163567243795906,-0.0942729698651363,0.400843410700363,0.211751322011727,0.831141825375282,""
"374","docosapentaenoate (n6 DPA; 22:5n6)","Lipid","Long Chain Polyunsaturated Fatty Acid (n3 and n6)",-0.130466726278637,-0.372065377252896,0.127688120719997,0.320423940368323,0.879069109471195,""
"375","gulonate*","Cofactors and Vitamins","Ascorbate and Aldarate Metabolism",0.00114307057011356,-0.25285502398214,0.254993760055375,0.993084080346027,0.999093744848646,""
"376","isobutyrylglycine (C4)","Amino Acid","Leucine, Isoleucine and Valine Metabolism",0.108847705072447,-0.149200775643443,0.353015372833079,0.407750718684378,0.907245349072741,""
"377","glutarylcarnitine (C5-DC)","Amino Acid","Lysine Metabolism",0.0141656341714351,-0.240624595975949,0.267129470685904,0.914452879696587,0.98991423670009,""
"378","tiglyl carnitine (C5)","Amino Acid","Leucine, Isoleucine and Valine Metabolism",0.270413444458073,0.0177044091706696,0.490647973797483,0.0366487497406631,0.828516919036565,""
"379","hydroquinone sulfate","Xenobiotics","Drug - Topical Agents",-0.0341382797344823,-0.285587353170779,0.221708312826831,0.795676290972639,0.971401781845884,""
"380","catechol sulfate","Xenobiotics","Benzoate Metabolism",0.138350142841982,-0.119782583885971,0.378961723285946,0.291795004615998,0.862611622717978,""
"381","cholesterol sulfate","Lipid","Sterol",0.181083807359275,-0.0763516710054051,0.415885411544614,0.166162556358959,0.831141825375282,""
"382","7-HOCA","Lipid","Sterol",0.000595532156973822,-0.253367484563524,0.254481751750533,0.996396819889886,0.999093744848646,""
"383","tetradecanedioate (C14)","Lipid","Fatty Acid, Dicarboxylate",-0.103929654987465,-0.348653290131031,0.154060758077742,0.429385099111331,0.923074246881848,""
"384","hexadecanedioate (C16)","Lipid","Fatty Acid, Dicarboxylate",-0.0314103561351366,-0.283077272338767,0.224303359662472,0.811691708460737,0.976408555057729,""
"385","octadecanedioate (C18)","Lipid","Fatty Acid, Dicarboxylate",0.0087767231789492,-0.2456955429048,0.262117264020972,0.946935700286209,0.993926426282083,""
"386","undecanedioate (C11-DC)","Lipid","Fatty Acid, Dicarboxylate",-0.137296149336939,-0.378041243767382,0.12084143394744,0.295522453034091,0.867821844418875,""
"387","1-myristoylglycerol (14:0)","Lipid","Monoacylglycerol",0.0402262287497126,-0.215903808680912,0.291176725950466,0.760244346524352,0.971250083747139,""
"388","glycerophosphoethanolamine","Lipid","Phospholipid Metabolism",0.0963170665353138,-0.161558928212327,0.341880305738441,0.464120304274988,0.926828676604874,""
"389","3-(3-hydroxyphenyl)propionate","Xenobiotics","Benzoate Metabolism",-0.226886437788832,-0.454619565425529,0.0286912255470268,0.0812814597084109,0.828516919036565,""
"390","ectoine","Xenobiotics","Chemical",0.0476198556102632,-0.208829989303424,0.297941887125798,0.71786957203275,0.971250083747139,""
"391","1-arachidonoyl-GPI* (20:4)*","Lipid","Lysophospholipid",0.113335038318992,-0.144755520366962,0.356986190135788,0.388574767927512,0.905790722465325,""
"392","1-palmitoyl-GPI* (16:0)","Lipid","Lysophospholipid",0.100615189756683,-0.15732906286511,0.345707520614151,0.444324358657078,0.924581214313795,""
"393","glycolithocholate sulfate*","Lipid","Secondary Bile Acid Metabolism",-0.00499000161436114,-0.258587052330168,0.249250522309629,0.969815641089526,0.994396221854468,""
"394","taurolithocholate 3-sulfate","Lipid","Secondary Bile Acid Metabolism",0.00511145906385249,-0.249136604149831,0.258700387583558,0.96908130288417,0.994396221854468,""
"395","deoxycarnitine","Lipid","Carnitine Metabolism",-0.024571756781548,-0.276769589645484,0.230792949622797,0.852165385067687,0.978507307579512,""
"396","1-ribosyl-imidazoleacetate*","Amino Acid","Histidine Metabolism",-0.199351266022281,-0.431436558831572,0.0574832506560491,0.126746596495887,0.831141825375282,""
"397","alpha-hydroxycaproate","Lipid","Fatty Acid, Monohydroxy",0.0245368768383849,-0.230825991327663,0.276737361813265,0.852372887962747,0.978507307579512,""
"398","3,4-dihydroxybutyrate","Lipid","Fatty Acid, Dihydroxy",-0.177680880144624,-0.412973235897084,0.0798462925245002,0.174402379666007,0.831141825375282,""
"399","hexanoylglutamine","Lipid","Fatty Acid Metabolism (Acyl Glutamine)",-0.100280182553673,-0.345409510003616,0.157659090310969,0.445850235315514,0.924581214313795,""
"400","N6-acetyllysine","Amino Acid","Lysine Metabolism",0.0972607698101797,-0.160631022837055,0.342721314072699,0.459733361975528,0.925932184840585,""
"401","dihomolinolenate (20:3n3 or 3n6)","Lipid","Long Chain Polyunsaturated Fatty Acid (n3 and n6)",0.00776844325558399,-0.246642786623924,0.261177946139525,0.953024477205629,0.993926426282083,""
"402","mannitol/sorbitol","Carbohydrate","Fructose, Mannose and Galactose Metabolism",0.0940064011313883,-0.163828988926408,0.339819427769575,0.474956944016829,0.926828676604874,""
"403","tryptophan betaine","Amino Acid","Tryptophan Metabolism",0.0265610505820717,-0.228907520166014,0.278606688267461,0.840347868595109,0.978057183043045,""
"404","4-vinylphenol sulfate","Xenobiotics","Benzoate Metabolism",0.12696702034116,-0.131187164494961,0.368995291361197,0.333687301476592,0.884597816934896,""
"405","4-ethylphenyl sulfate","Xenobiotics","Benzoate Metabolism",0.0766068550756663,-0.180835527440544,0.324224619292108,0.560723321524717,0.960981009182483,""
"406","thymol sulfate","Xenobiotics","Food Component/Plant",-0.136467448708701,-0.377317183889096,0.121673540752227,0.298474860953767,0.867821844418875,""
"407","3-methyladipate","Lipid","Fatty Acid, Dicarboxylate",-0.0985512964865556,-0.343870767516367,0.159361361626181,0.453770936528015,0.924581214313795,""
"408","pyrraline","Xenobiotics","Food Component/Plant",0.0761961781873682,-0.18123507714234,0.323854906117949,0.562832399692714,0.960981009182483,""
"409","N6-carboxymethyllysine","Carbohydrate","Advanced Glycation End-product",0.0458380813766563,-0.210537151610341,0.296313861945186,0.728009851417056,0.971250083747139,""
"410","1-oleoyl-GPI (18:1)","Lipid","Lysophospholipid",0.210491169786499,-0.045886094233432,0.440852773041108,0.106461839187964,0.831141825375282,""
"411","1-linoleoyl-GPI* (18:2)*","Lipid","Lysophospholipid",-0.110860629938876,-0.354797687858308,0.147208015262722,0.399081766976428,0.905790722465325,""
"412","2-hydroxyacetaminophen sulfate*","Xenobiotics","Drug - Analgesics, Anesthetics",0.0794375838774238,-0.178079183087222,0.326770935870058,0.546288092889872,0.960981009182483,""
"413","2-methoxyacetaminophen sulfate*","Xenobiotics","Drug - Analgesics, Anesthetics",0.0826700095241532,-0.174926747748769,0.329674205008823,0.530026955458063,0.960981009182483,""
"414","2-methoxyacetaminophen glucuronide*","Xenobiotics","Drug - Analgesics, Anesthetics",0.0853694670954416,-0.17229003823373,0.332095203450625,0.516633067389513,0.95197397510697,""
"415","o-cresol sulfate","Xenobiotics","Benzoate Metabolism",0.153227202367565,-0.104774067451995,0.391903650237006,0.242466882342584,0.831141825375282,""
"416","2-ethylphenylsulfate","Xenobiotics","Benzoate Metabolism",0.0814178848998898,-0.176148514034125,0.328550137752666,0.536297407479426,0.960981009182483,""
"417","dimethylarginine (ADMA + SDMA)","Amino Acid","Urea cycle; Arginine and Proline Metabolism",-0.147513219078729,-0.386944060959385,0.110552475052652,0.260689703643905,0.840136154283436,""
"418","N-acetylserine","Amino Acid","Glycine, Serine and Threonine Metabolism",-0.128140572316045,-0.370025368311542,0.130014550919458,0.329201806511996,0.884597816934896,""
"419","1-stearoyl-2-oleoyl-GPE (18:0/18:1)","Lipid","Phosphatidylethanolamine (PE)",0.0229612089078684,-0.232318004607123,0.275280908512554,0.861756799971106,0.978607017649618,""
"420","4-allylphenol sulfate","Xenobiotics","Food Component/Plant",-0.0697007882307745,-0.317997334703084,0.187543194650524,0.596675765513035,0.960981009182483,""
"421","1-stearoyl-2-arachidonoyl-GPC (18:0/20:4)","Lipid","Phosphatidylcholine (PC)",0.0763519652323008,-0.181083521111751,0.323995162804963,0.562031898743913,0.960981009182483,""
"422","1-palmitoyl-2-linoleoyl-GPE (16:0/18:2)","Lipid","Phosphatidylethanolamine (PE)",-0.0469694601659102,-0.297347782928189,0.209453330576357,0.721565546725361,0.971250083747139,""
"423","1-stearoyl-2-arachidonoyl-GPS (18:0/20:4)","Lipid","Phosphatidylserine (PS)",-0.0621278701154307,-0.311144026302797,0.194871079651158,0.637231580341426,0.960981009182483,""
"424","sphinganine-1-phosphate","Lipid","Sphingolipid Synthesis",0.077308937068685,-0.1801522713139,0.324856495685901,0.557126355778413,0.960981009182483,""
"425","glycosyl-N-nervonoyl-sphingosine (d18:1/24:1)*","Lipid","Hexosylceramides (HCER)",0.157777260136966,-0.100160215451432,0.395843085730205,0.228594641249859,0.831141825375282,""
"426","glycosyl-N-stearoyl-sphingosine (d18:1/18:0)","Lipid","Hexosylceramides (HCER)",0.176322770645002,-0.0812392321029684,0.411809640645371,0.177772509660076,0.831141825375282,""
"427","succinylcarnitine (C4-DC)","Energy","TCA Cycle",-0.0598175231621705,-0.309048049388694,0.19710097488029,0.649825561578431,0.960981009182483,""
"428","bilirubin (E,E)*","Cofactors and Vitamins","Hemoglobin and Porphyrin Metabolism",-0.10995794624268,-0.353998638925213,0.148101915489597,0.402955865224047,0.907245349072741,""
"429","bilirubin (E,Z or Z,E)*","Cofactors and Vitamins","Hemoglobin and Porphyrin Metabolism",0.00170348354107579,-0.25233036601877,0.255517660110194,0.989693567304903,0.999093744848646,""
"430","N-methylproline","Amino Acid","Urea cycle; Arginine and Proline Metabolism",-0.0372548878634814,-0.288450863472285,0.218739072236195,0.777481369371103,0.971250083747139,""
"431","beta-cryptoxanthin","Cofactors and Vitamins","Vitamin A Metabolism",0.0618578795213597,-0.195131805701411,0.310899212251204,0.638698166209841,0.960981009182483,""
"432","5alpha-androstan-3beta,17beta-diol disulfate","Lipid","Androgenic Steroids",-0.0497261282141846,-0.299864533423327,0.206809899155787,0.705944793796146,0.970731424724108,""
"433","5alpha-pregnan-3beta,20alpha-diol disulfate","Lipid","Progestin Steroids",-0.0585311189511734,-0.307879956441098,0.198341432391989,0.656880662628115,0.960981009182483,""
"434","glycocholenate sulfate*","Lipid","Secondary Bile Acid Metabolism",-0.0949771831986224,-0.340685554049332,0.162875598649984,0.47038773893625,0.926828676604874,""
"435","taurocholenate sulfate*","Lipid","Secondary Bile Acid Metabolism",-0.0435483028250447,-0.294219528674602,0.212728751958717,0.741109413293186,0.971250083747139,""
"436","androstenediol (3beta,17beta) disulfate (1)","Lipid","Androgenic Steroids",-0.0729156737380528,-0.320898903817724,0.184423649272499,0.579812209970538,0.960981009182483,""
"437","pregnen-diol disulfate*","Lipid","Pregnenolone Steroids",-0.0701840233951613,-0.318433771947021,0.187074621380087,0.594127132090927,0.960981009182483,""
"438","androstenediol (3beta,17beta) disulfate (2)","Lipid","Androgenic Steroids",-0.0148295877541523,-0.267746065934725,0.239998854015231,0.910459290846433,0.988181425430885,""
"439","21-hydroxypregnenolone disulfate","Lipid","Pregnenolone Steroids",-0.25659849467394,-0.479293984450585,-0.00286015020558698,0.0478087262735345,0.828516919036565,""
"440","21-hydroxypregnenolone monosulfate (1)","Lipid","Pregnenolone Steroids",0.0586157230333908,-0.198259875399283,0.307956802541938,0.656415738754085,0.960981009182483,""
"441","5alpha-androstan-3alpha,17alpha-diol monosulfate","Lipid","Androgenic Steroids",-0.0224652398079155,-0.274822224514948,0.232787393474028,0.86471455086791,0.978607017649618,""
"442","5alpha-pregnan-3beta,20beta-diol monosulfate (1)","Lipid","Progestin Steroids",0.0322321723791637,-0.223521955481586,0.283833824142538,0.806858487508447,0.975121026707989,""
"443","5alpha-pregnan-3beta,20alpha-diol monosulfate (2)","Lipid","Progestin Steroids",0.0262309401903523,-0.22922052764459,0.278301961265322,0.842306558544703,0.978057183043045,""
"444","5alpha-pregnan-diol disulfate","Lipid","Progestin Steroids",0.0231541069135161,-0.232135412369022,0.27545927414463,0.860606944883213,0.978607017649618,""
"445","5alpha-androstan-3alpha,17beta-diol monosulfate (1)","Lipid","Androgenic Steroids",-0.0274982096279446,-0.279471509292866,0.228018627072874,0.834792573867614,0.978057183043045,""
"446","5alpha-androstan-3beta,17alpha-diol disulfate","Lipid","Androgenic Steroids",0.159971127505995,-0.0979316180357838,0.397739408178188,0.222106541170472,0.831141825375282,""
"447","5alpha-androstan-3beta,17beta-diol monosulfate (2)","Lipid","Androgenic Steroids",-0.0181740549717575,-0.270848832944149,0.236843643309404,0.890378252955488,0.985647226590267,""
"448","androstenediol (3alpha, 17alpha) monosulfate (2)","Lipid","Androgenic Steroids",0.0864477422621508,-0.171235794261794,0.333061342783522,0.511331159822652,0.95197397510697,""
"449","androstenediol (3alpha, 17alpha) monosulfate (3)","Lipid","Androgenic Steroids",0.133488567925899,-0.124661672114525,0.374712015051595,0.309245562808259,0.875370429606745,""
"450","androstenediol (3beta,17beta) monosulfate (1)","Lipid","Androgenic Steroids",-0.0556419120938375,-0.305253728536065,0.201124448680523,0.672834327520079,0.960981009182483,""
"451","androstenediol (3beta,17beta) monosulfate (2)","Lipid","Androgenic Steroids",-0.0856265723893176,-0.332325617947488,0.172038716548894,0.515366359804052,0.95197397510697,""
"452","4-hydroxycoumarin","Xenobiotics","Drug - Cardiovascular",0.0719189529286624,-0.185391366373673,0.319999819049781,0.585017148581086,0.960981009182483,""
"453","pregnenediol sulfate (C21H34O5S)*","Lipid","Pregnenolone Steroids",0.0652690022786096,-0.191835061637061,0.313989822007899,0.620271804134503,0.960981009182483,""
"454","2-hydroxyglutarate","Lipid","Fatty Acid, Dicarboxylate",-0.0493851751606345,-0.299553442676389,0.207137049859984,0.707870443422411,0.970731424724108,""
"455","gamma-CEHC","Cofactors and Vitamins","Tocopherol Metabolism",0.078450566369255,-0.179040723341206,0.325883494654829,0.551300941323524,0.960981009182483,""
"456","N-acetyl-beta-alanine","Nucleotide","Pyrimidine Metabolism, Uracil containing",0.0378573289974848,-0.218164570004185,0.289003862990961,0.773977621825672,0.971250083747139,""
"457","5-methylthioribose**","Amino Acid","Methionine, Cysteine, SAM and Taurine Metabolism",0.0518416294636882,-0.204778753906822,0.301793560571681,0.694038139222195,0.960981009182483,""
"458","sphingomyelin (d18:1/18:1, d18:2/18:0)","Lipid","Sphingomyelins",0.00763715530805378,-0.246766091298593,0.26105560240387,0.953817499700754,0.993926426282083,""
"459","palmitoyl sphingomyelin (d18:1/16:0)","Lipid","Sphingomyelins",0.211629712316607,-0.0446969133434647,0.44181230015935,0.104538743159271,0.831141825375282,""
"460","3-hydroxyhippurate","Xenobiotics","Benzoate Metabolism",-0.194748693229666,-0.427531328449439,0.0622545924006939,0.135934820170916,0.831141825375282,""
"461","16a-hydroxy DHEA 3-sulfate","Lipid","Androgenic Steroids",0.0728082533618421,-0.184527967804159,0.320802027531263,0.580372147749944,0.960981009182483,""
"462","17alpha-hydroxypregnenolone 3-sulfate","Lipid","Pregnenolone Steroids",-0.12821371627481,-0.370089550221031,0.129941441533266,0.328923504733971,0.884597816934896,""
"463","pregnenolone sulfate","Lipid","Pregnenolone Steroids",0.116821244209314,-0.141294798803862,0.360065049130454,0.374053046596382,0.902750344938003,""
"464","andro steroid monosulfate C19H28O6S (1)*","Lipid","Androgenic Steroids",0.131513224577223,-0.126640570853249,0.372982383050449,0.316523983293976,0.879069109471195,""
"465","ergothioneine","Xenobiotics","Food Component/Plant",0.00656633859150734,-0.247771486985038,0.260057432788663,0.960287180594845,0.993926426282083,""
"466","13-HODE + 9-HODE","Lipid","Fatty Acid, Monohydroxy",-0.175762937321271,-0.41132976542686,0.081813130211329,0.179175384065718,0.831141825375282,""
"467","tridecenedioate (C13:1-DC)*","Lipid","Fatty Acid, Dicarboxylate",0.195754911928715,-0.0612124796804906,0.428385836250517,0.133884510078987,0.831141825375282,""
"468","4-cholesten-3-one","Lipid","Sterol",0.325299570899526,0.0778013873127059,0.5350299455072,0.0112080883613726,0.821128717553662,""
"469","cinnamoylglycine","Xenobiotics","Food Component/Plant",-0.114589931730664,-0.358095065278583,0.143510527243749,0.383309463539346,0.905790722465325,""
"470","stearoyl ethanolamide","Lipid","Endocannabinoid",0.130330426107118,-0.127824515471702,0.371945907986428,0.320934128350566,0.879069109471195,""
"471","cis-4-decenoylcarnitine (C10:1)","Lipid","Fatty Acid Metabolism (Acyl Carnitine, Monounsaturated)",-0.146908990337064,-0.386418794934697,0.111162498072398,0.262669225264046,0.840136154283436,""
"472","2S,3R-dihydroxybutyrate","Lipid","Fatty Acid, Dihydroxy",-0.0993954949037891,-0.344622285286523,0.158530350495502,0.449893715118105,0.924581214313795,""
"473","(12 or 13)-methylmyristate (a15:0 or i15:0)","Lipid","Fatty Acid, Branched",-0.191796920989437,-0.42502220226611,0.0653084310653984,0.142085673972397,0.831141825375282,""
"474","(16 or 17)-methylstearate (a19:0 or i19:0)","Lipid","Fatty Acid, Branched",-0.0438580887218293,-0.29450301351694,0.212432399417907,0.739332787992018,0.971250083747139,""
"475","2R,3R-dihydroxybutyrate","Lipid","Fatty Acid, Dihydroxy",-0.138091618332757,-0.378735991271156,0.120042353982003,0.292706415798685,0.862611622717978,""
"476","4-methylbenzenesulfonate","Xenobiotics","Chemical",0.15581977538349,-0.102146505730521,0.394149370622402,0.234493614018367,0.831141825375282,""
"477","alpha-ketoglutaramate*","Amino Acid","Glutamate Metabolism",-0.0427750066986914,-0.293511693442364,0.213468309685473,0.745550126091893,0.971250083747139,""
"478","2,3-dihydroxyisovalerate","Xenobiotics","Food Component/Plant",0.0265028300819045,-0.228962728117897,0.278552948239106,0.840693246838504,0.978057183043045,""
"479","3-methylglutaconate","Amino Acid","Leucine, Isoleucine and Valine Metabolism",-0.0174556858756315,-0.27018282188028,0.23752181531347,0.894686190654099,0.985647226590267,""
"480","cysteinylglycine disulfide*","Amino Acid","Glutathione Metabolism",0.152944260054122,-0.10506061044013,0.391658389669262,0.2433481533016,0.831141825375282,""
"481","hydantoin-5-propionate","Amino Acid","Histidine Metabolism",-0.324068382056293,-0.534046915226996,-0.0764332967167291,0.0115372866175115,0.821128717553662,""
"482","sulfate*","Xenobiotics","Chemical",-0.159938871191238,-0.397711541357039,0.0979644037312436,0.222200995165788,0.831141825375282,""
"483","4-hydroxy-2-oxoglutaric acid","Lipid","Fatty Acid, Dicarboxylate",0.0544626200355882,-0.202259206772834,0.304180684687108,0.679388105640938,0.960981009182483,""
"484","hydroxycotinine","Xenobiotics","Tobacco Metabolite",0.0953137823346169,-0.162544917304335,0.340985768557614,0.468808996695763,0.926828676604874,""
"485","cotinine N-oxide","Xenobiotics","Tobacco Metabolite",-0.125583001266931,-0.367779713846242,0.132569149187299,0.339026324222896,0.890069110791673,""
"486","diphenhydramine","Xenobiotics","Drug - Respiratory",-0.0749487676914944,-0.322731456874146,0.182448168486681,0.569261376153372,0.960981009182483,""
"487","S-methylcysteine","Amino Acid","Methionine, Cysteine, SAM and Taurine Metabolism",-0.116764593236253,-0.360015059874632,0.141351086125877,0.374286378968678,0.902750344938003,""
"488","androsterone glucuronide","Lipid","Androgenic Steroids",0.118263335201043,-0.13986140263709,0.361337091192519,0.368142948956486,0.902750344938003,""
"489","argininate*","Amino Acid","Urea cycle; Arginine and Proline Metabolism",0.224701947146539,-0.0309910216035205,0.452791552139328,0.0843350700959324,0.828516919036565,""
"490","2-oxoarginine*","Amino Acid","Urea cycle; Arginine and Proline Metabolism",0.098505940552093,-0.159405998708522,0.343830382102887,0.453979764781043,0.924581214313795,""
"491","cis-4-decenoate (10:1n6)*","Lipid","Medium Chain Fatty Acid",-0.259917286889411,-0.482028394939925,-0.00641603935694288,0.0449018324086241,0.828516919036565,""
"492","venlafaxine","Xenobiotics","Drug - Psychoactive",-0.114997248040742,-0.358454839025044,0.143106248700525,0.381609630332562,0.905790722465325,""
"493","ethyl glucuronide","Xenobiotics","Chemical",0.0267506593932349,-0.228727711037886,0.278781694424312,0.839223270545735,0.978057183043045,""
"494","1-lignoceroyl-GPC (24:0)","Lipid","Lysophospholipid",0.226056515304018,-0.0295652732066109,0.453925300225074,0.0824311136176188,0.828516919036565,""
"495","1-(1-enyl-palmitoyl)-GPC (P-16:0)*","Lipid","Lysoplasmalogen",0.190570757333957,-0.0665755787971549,0.42397885869613,0.144701045862685,0.831141825375282,""
"496","1-methyl-5-imidazoleacetate","Amino Acid","Histidine Metabolism",-0.0215794580617627,-0.274002746672362,0.233625408195013,0.870001549406646,0.978607017649618,""
"497","glycoursodeoxycholate","Lipid","Secondary Bile Acid Metabolism",-0.051928423542277,-0.301872660370736,0.204695373534024,0.693551180579706,0.960981009182483,""
"498","S-methylcysteine sulfoxide","Amino Acid","Methionine, Cysteine, SAM and Taurine Metabolism",-0.165036088406912,-0.402109684942224,0.0927765778940863,0.207621030422762,0.831141825375282,""
"499","(14 or 15)-methylpalmitate (a17:0 or i17:0)","Lipid","Fatty Acid, Branched",-0.12397772237999,-0.366368767329031,0.134170812205985,0.345285340906968,0.899254835843615,""
"500","eicosanedioate (C20-DC)","Lipid","Fatty Acid, Dicarboxylate",-0.01869535299106,-0.271331984958054,0.236351359412428,0.887254082099383,0.985647226590267,""
"501","docosadioate (C22-DC)","Lipid","Fatty Acid, Dicarboxylate",-0.040676130159673,-0.291589103700856,0.2154741343898,0.757644275105062,0.971250083747139,""
"502","16-hydroxypalmitate","Lipid","Fatty Acid, Monohydroxy",-0.106065829069388,-0.350549280910932,0.151951338326103,0.419909393142666,0.918229385496248,""
"503","oleoyl-linoleoyl-glycerol (18:1/18:2) [1]","Lipid","Diacylglycerol",-0.194185085118586,-0.427052515558969,0.0628380608989088,0.137093517852852,0.831141825375282,""
"504","oleoyl-linoleoyl-glycerol (18:1/18:2) [2]","Lipid","Diacylglycerol",-0.219632649905605,-0.448542090293494,0.0363174842360673,0.0917695628886903,0.828516919036565,""
"505","1-(1-enyl-palmitoyl)-GPE (P-16:0)*","Lipid","Lysoplasmalogen",0.0443030700477308,-0.212006631462865,0.294910138421551,0.736783186706584,0.971250083747139,""
"506","1-(1-enyl-stearoyl)-GPE (P-18:0)*","Lipid","Lysoplasmalogen",0.181522536770921,-0.0759006589702273,0.416260519679694,0.165121331591673,0.831141825375282,""
"507","N-oleoyltaurine","Lipid","Endocannabinoid",0.0442396629133094,-0.212067306753819,0.294852131155564,0.737146317775006,0.971250083747139,""
"508","linoleoylcarnitine (C18:2)*","Lipid","Fatty Acid Metabolism (Acyl Carnitine, Polyunsaturated)",-0.140952806110669,-0.38123265820444,0.117165410285232,0.28272302623324,0.849712004393182,""
"509","isoleucylglycine","Peptide","Dipeptide",0.0135274522239142,-0.241225849948834,0.266536613549303,0.918293440369843,0.990549990428757,""
"510","leucylglycine","Peptide","Dipeptide",0.0246285127038669,-0.230739183584923,0.276822028895078,0.851827761952985,0.978507307579512,""
"511","N-palmitoyltaurine","Lipid","Endocannabinoid",0.176172762938284,-0.0813930252300777,0.41168107057345,0.178147627270696,0.831141825375282,""
"512","N-stearoyltaurine","Lipid","Endocannabinoid",0.182168399920357,-0.0752365225803426,0.416812579202156,0.163597236604638,0.831141825375282,""
"513","2-O-methylascorbic acid","Cofactors and Vitamins","Ascorbate and Aldarate Metabolism",-0.0279390949603424,-0.279878221928327,0.227600301024776,0.832181849287457,0.978057183043045,""
"514","beta-citrylglutamate","Amino Acid","Glutamate Metabolism",-0.144503581275294,-0.384326191636245,0.113589047324693,0.270649656288397,0.840136154283436,""
"515","trimethylamine N-oxide","Lipid","Phospholipid Metabolism",0.0669976312921918,-0.190162177314264,0.315554017182767,0.611020972286074,0.960981009182483,""
"516","N6-methyllysine","Amino Acid","Lysine Metabolism",0.0855110436950111,-0.172151650563699,0.332222086242859,0.51593535278581,0.95197397510697,""
"517","imidazole propionate","Amino Acid","Histidine Metabolism",0.0757741720928869,-0.18164556057442,0.323474914978123,0.565003536249463,0.960981009182483,""
"518","citalopram/escitalopram","Xenobiotics","Drug - Psychoactive",0.0254611489631277,-0.229950231051772,0.277591164897577,0.846877741384103,0.978507307579512,""
"519","pregnanediol-3-glucuronide","Lipid","Progestin Steroids",-0.00186732986769798,-0.255670803104715,0.252176945057331,0.988702324356292,0.999093744848646,""
"520","alliin","Xenobiotics","Food Component/Plant",0.139484298445473,-0.118642546043111,0.379951678903785,0.287818580513483,0.859592404889262,""
"521","valylglycine","Peptide","Dipeptide",0.0307807191284623,-0.224901812458672,0.282497425907641,0.815399439580219,0.976408555057729,""
"522","prolylglycine","Peptide","Dipeptide",-0.0442458924083864,-0.294857830217182,0.21206134573887,0.73711063907979,0.971250083747139,""
"523","N-palmitoylglycine","Lipid","Fatty Acid Metabolism (Acyl Glycine)",0.0742587273665958,-0.183118887722467,0.322109689131787,0.572832350794612,0.960981009182483,""
"524","mannonate*","Xenobiotics","Food Component/Plant",0.229183311496329,-0.0262701927693994,0.456539555600243,0.0781656921667123,0.828516919036565,""
"525","2-stearoyl-GPE (18:0)*","Lipid","Lysophospholipid",0.0831815050615196,-0.174427425326141,0.330133187461261,0.527475941142995,0.960981009182483,""
"526","(R)-3-hydroxybutyrylcarnitine","Lipid","Fatty Acid Metabolism (Acyl Carnitine, Hydroxy)",-0.0374146713766324,-0.288597550076577,0.218586716158943,0.776551649065111,0.971250083747139,""
"527","N-acetylcarnosine","Amino Acid","Histidine Metabolism",0.148333036140411,-0.109724485316189,0.387656493120056,0.258019996490244,0.840136154283436,""
"528","margaroylcarnitine (C17)*","Lipid","Fatty Acid Metabolism (Acyl Carnitine, Long Chain Saturated)",0.0193448243946402,-0.235737852702523,0.271933753186982,0.883364151310551,0.985647226590267,""
"529","histidine betaine (hercynine)*","Xenobiotics","Food Component/Plant",0.0778803805960498,-0.179595967202219,0.325370633887475,0.554206791892817,0.960981009182483,""
"530","glycohyocholate","Lipid","Secondary Bile Acid Metabolism",-0.00441459157238844,-0.25805002664715,0.249790119026297,0.97329492932319,0.995295890369342,""
"531","2-hydroxydecanoate","Lipid","Fatty Acid, Monohydroxy",0.00335882788332464,-0.250779761916955,0.257064282895806,0.979679976115572,0.996474489991839,""
"532","4-methylcatechol sulfate","Xenobiotics","Benzoate Metabolism",0.114301636502314,-0.143796620311544,0.357840376586671,0.384515316735779,0.905790722465325,""
"533","3-methyl catechol sulfate (1)","Xenobiotics","Benzoate Metabolism",0.200902645847652,-0.0558723359840758,0.432750929765244,0.12375808753522,0.831141825375282,""
"534","2-hydroxyibuprofen","Xenobiotics","Drug - Analgesics, Anesthetics",-0.17390049643516,-0.40973238695986,0.0837211329342607,0.183900109093294,0.831141825375282,""
"535","carboxyibuprofen","Xenobiotics","Drug - Analgesics, Anesthetics",-0.216269033753819,-0.445716733710539,0.0398437288608684,0.0969790594726959,0.831141825375282,""
"536","O-desmethylvenlafaxine","Xenobiotics","Drug - Psychoactive",-0.0612790051804124,-0.3103742063638,0.195690693964555,0.641847242031104,0.960981009182483,""
"537","3b-hydroxy-5-cholenoic acid","Lipid","Secondary Bile Acid Metabolism",0.0309326113321322,-0.224757460715497,0.282637323582642,0.814504623135932,0.976408555057729,""
"538","guaiacol sulfate","Xenobiotics","Benzoate Metabolism",0.134497287814708,-0.123650343860588,0.375594613938566,0.305570686422697,0.875370429606745,""
"539","2-aminooctanoate","Lipid","Fatty Acid, Amino",0.0668125058726981,-0.190341404252867,0.315386566164742,0.612008827427743,0.960981009182483,""
"540","dimethyl sulfone","Xenobiotics","Chemical",0.0644252542402154,-0.192651058330423,0.313225843851899,0.624808617702678,0.960981009182483,""
"541","2-piperidinone","Xenobiotics","Food Component/Plant",-0.0274406026147522,-0.279418360676644,0.2280732794748,0.83513382833719,0.978057183043045,""
"542","2-aminophenol sulfate","Xenobiotics","Food Component/Plant",-0.0763203428039107,-0.323966693686334,0.181114285696925,0.562194345057342,0.960981009182483,""
"543","3-acetylphenol sulfate","Xenobiotics","Chemical",0.169686088220621,-0.0880316781920507,0.406112425765265,0.194921685956849,0.831141825375282,""
"544","1-stearoyl-GPS (18:0)*","Lipid","Lysophospholipid",0.11079668160821,-0.147271355228182,0.354741092994786,0.399355496925361,0.905790722465325,""
"545","sphingomyelin (d18:1/14:0, d16:1/16:0)*","Lipid","Sphingomyelins",0.234610963264178,-0.0205372132043933,0.461068209895587,0.0711787577777129,0.828516919036565,""
"546","sphingomyelin (d18:2/16:0, d18:1/16:1)*","Lipid","Sphingomyelins",0.198313632059369,-0.058559958359745,0.430556897050238,0.128775770537699,0.831141825375282,""
"547","3-hydroxyadipate","Lipid","Fatty Acid, Dicarboxylate",-0.082974564880237,-0.329947507017935,0.174629456483835,0.528507292120243,0.960981009182483,""
"548","3-hydroxycotinine glucuronide","Xenobiotics","Tobacco Metabolite",0.24730540789549,-0.00706281795211683,0.471614177393344,0.0567762189894021,0.828516919036565,""
"549","6-oxopiperidine-2-carboxylate","Amino Acid","Lysine Metabolism",0.0752886689264721,-0.182117696377998,0.323037649688625,0.567506193076909,0.960981009182483,""
"550","S-allylcysteine","Xenobiotics","Food Component/Plant",0.0839438524785537,-0.173682975100377,0.330817051236432,0.523685189709019,0.959011972923924,""
"551","N-delta-acetylornithine","Amino Acid","Urea cycle; Arginine and Proline Metabolism",-0.0978809580859115,-0.343273798544618,0.160020968381973,0.456862683526962,0.925035915235857,""
"552","acisoga","Amino Acid","Polyamine Metabolism",-0.157425870320246,-0.395539164665278,0.100516927643558,0.22964591978107,0.831141825375282,""
"553","2-aminoheptanoate","Lipid","Fatty Acid, Amino",0.0370842090827395,-0.218901803335235,0.288294161622773,0.778474827997238,0.971250083747139,""
"554","N-formylanthranilic acid","Amino Acid","Tryptophan Metabolism",0.301536949541171,0.0515600830858315,0.515956090988008,0.019214388185092,0.828516919036565,""
"555","N2,N5-diacetylornithine","Amino Acid","Urea cycle; Arginine and Proline Metabolism",-0.111707270812558,-0.355546804382714,0.146369229251747,0.395468109225469,0.905790722465325,""
"556","1H-indole-7-acetic acid","Xenobiotics","Bacterial/Fungal",0.251738019461344,-0.00233600631307059,0.475281537021363,0.0523422664456685,0.828516919036565,""
"557","methionine sulfone","Amino Acid","Methionine, Cysteine, SAM and Taurine Metabolism",-0.153431562577757,-0.392080773026423,0.104567079942169,0.241831729566205,0.831141825375282,""
"558","1-linolenoyl-GPC (18:3)*","Lipid","Lysophospholipid",0.0876200258474887,-0.170088967106741,0.334111126882701,0.505598570893057,0.950936220141689,""
"559","N-acetylalliin","Xenobiotics","Food Component/Plant",-0.0750258966744948,-0.322800941431067,0.182373184222829,0.568862875953327,0.960981009182483,""
"560","1-(1-enyl-oleoyl)-GPE (P-18:1)*","Lipid","Lysoplasmalogen",0.150763159856322,-0.107268029885732,0.389766625138998,0.250215132713346,0.831141825375282,""
"561","fructosyllysine","Amino Acid","Lysine Metabolism",-0.0415337561635149,-0.29237494183766,0.214654791555827,0.752695292497642,0.971250083747139,""
"562","N-methylpipecolate","Xenobiotics","Bacterial/Fungal",0.309848996612466,0.0607000736776841,0.522652297323986,0.0159871110062606,0.828516919036565,""
"563","O-sulfo-L-tyrosine","Xenobiotics","Chemical",-0.00695072692894443,-0.260415805525843,0.24741064568467,0.957964461022254,0.993926426282083,""
"564","3-(3-hydroxyphenyl)propionate sulfate","Xenobiotics","Benzoate Metabolism",-0.116937744966611,-0.360167845908196,0.141179040637191,0.373573482173119,0.902750344938003,""
"565","11-ketoetiocholanolone glucuronide","Lipid","Androgenic Steroids",0.161117253952281,-0.096766318273443,0.398729283177125,0.218768575265088,0.831141825375282,""
"566","etiocholanolone glucuronide","Lipid","Androgenic Steroids",-0.0230445643745934,-0.275357986352775,0.232239104696624,0.86125988716971,0.978607017649618,""
"567","17alpha-hydroxypregnanolone glucuronide","Lipid","Pregnenolone Steroids",0.0414730106869614,-0.214712837311197,0.292319292226674,0.753045505021819,0.971250083747139,""
"568","N-acetyltaurine","Amino Acid","Methionine, Cysteine, SAM and Taurine Metabolism",-0.0955408185658522,-0.341188235050326,0.16232183990863,0.467745749216982,0.926828676604874,""
"569","1-oleoyl-GPG (18:1)*","Lipid","Lysophospholipid",0.171680951911997,-0.08599251099668,0.407826837063724,0.189647293938199,0.831141825375282,""
"570","1-palmitoyl-GPG (16:0)*","Lipid","Lysophospholipid",0.0154379888419824,-0.239425281431732,0.26831088929432,0.906801773415674,0.987825677282681,""
"571","N-linoleoyltaurine*","Lipid","Endocannabinoid",0.142275364121009,-0.115834103527338,0.382385536495692,0.2781851740492,0.842687960967734,""
"572","methyl glucopyranoside (alpha + beta)","Xenobiotics","Food Component/Plant",-0.0346379339066195,-0.286046733136736,0.221232603729559,0.792751714619396,0.971250083747139,""
"573","2-keto-3-deoxy-gluconate","Xenobiotics","Food Component/Plant",-0.0286154447783886,-0.280501972643743,0.226958375381085,0.82818032133189,0.978057183043045,""
"574","sphingomyelin (d18:2/14:0, d18:1/14:1)*","Lipid","Sphingomyelins",0.224806308082132,-0.030881213661588,0.452878926512714,0.0841871610756052,0.828516919036565,""
"575","sphingomyelin (d18:1/24:1, d18:2/24:0)*","Lipid","Sphingomyelins",0.0559147153385013,-0.20086184920379,0.305501863352597,0.671321673931405,0.960981009182483,""
"576","octadecenedioylcarnitine (C18:1-DC)*","Lipid","Fatty Acid Metabolism (Acyl Carnitine, Dicarboxylate)",0.094185041699126,-0.163653584900213,0.339978841185575,0.474114354755497,0.926828676604874,""
"577","octadecanedioylcarnitine (C18-DC)*","Lipid","Fatty Acid Metabolism (Acyl Carnitine, Dicarboxylate)",0.0284510772882016,-0.227114397488268,0.280350407427358,0.829152383027656,0.978057183043045,""
"578","5alpha-androstan-3alpha,17beta-diol monosulfate (2)","Lipid","Androgenic Steroids",-0.033252675231954,-0.284772848072294,0.222551177133019,0.800866762994831,0.97506350077346,""
"579","myristoleoylcarnitine (C14:1)*","Lipid","Fatty Acid Metabolism (Acyl Carnitine, Monounsaturated)",-0.0165082970457796,-0.269304113124222,0.238415812119874,0.9003721294583,0.985647226590267,""
"580","N-formylphenylalanine","Amino Acid","Tyrosine Metabolism",0.214880973279584,-0.0412970439878069,0.444549462336752,0.0991948214727799,0.831141825375282,""
"581","4-hydroxychlorothalonil","Xenobiotics","Chemical",0.0359386211201333,-0.21999367840585,0.287242037807668,0.78515192924136,0.971250083747139,""
"582","tyramine O-sulfate","Amino Acid","Tyrosine Metabolism",-0.00877535127943536,-0.262115986279576,0.245696832086673,0.946943982909137,0.993926426282083,""
"583","3-hydroxypyridine sulfate","Xenobiotics","Chemical",0.185789551587824,-0.0715086843117564,0.419904600828348,0.155242925229446,0.831141825375282,""
"584","4-methylguaiacol sulfate","Xenobiotics","Benzoate Metabolism",0.0924211096555248,-0.165384844745264,0.338404142705638,0.482469198198854,0.931068068330275,""
"585","phenylacetylcarnitine","Peptide","Acetylated Peptides",0.199901878072731,-0.0569116616991833,0.431903165066432,0.125679722852835,0.831141825375282,""
"586","arabonate/xylonate","Carbohydrate","Pentose Metabolism",-0.136121997939282,-0.377015266506152,0.122020304294038,0.299711241369083,0.867821844418875,""
"587","methyl-4-hydroxybenzoate sulfate","Xenobiotics","Benzoate Metabolism",0.00143863636250086,-0.252578334251199,0.25527008725104,0.991295880677954,0.999093744848646,""
"588","1-dihomo-linolenylglycerol (20:3)","Lipid","Monoacylglycerol",0.0686907856780532,-0.188522174663957,0.317084803834446,0.602018211136687,0.960981009182483,""
"589","4-vinylguaiacol sulfate","Xenobiotics","Food Component/Plant",0.172894277003724,-0.0847511826585588,0.408868770385068,0.186489803638949,0.831141825375282,""
"590","vanillactate","Amino Acid","Tyrosine Metabolism",0.0419017710960934,-0.214303093673407,0.292712048117293,0.750574658485525,0.971250083747139,""
"591","eugenol sulfate","Xenobiotics","Food Component/Plant",-0.123748391127714,-0.366167107492883,0.134399516840708,0.34618532805759,0.899254835843615,""
"592","pregnanolone/allopregnanolone sulfate","Lipid","Progestin Steroids",0.0934604020535979,-0.164364994757832,0.339332107204163,0.477537198353255,0.926828676604874,""
"593","2-methoxyresorcinol sulfate","Xenobiotics","Chemical",-0.040722042946454,-0.291631181925101,0.215430280217943,0.757379085361921,0.971250083747139,""
"594","2-acetamidophenol sulfate","Xenobiotics","Food Component/Plant",-0.0764704839170018,-0.324101859111338,0.180968213081424,0.561423257752221,0.960981009182483,""
"595","p-cresol glucuronide*","Amino Acid","Tyrosine Metabolism",0.126947821117848,-0.131206342362397,0.368978434434096,0.333761001558849,0.884597816934896,""
"596","acesulfame","Xenobiotics","Food Component/Plant",-0.152564110043817,-0.391328813935722,0.105445530738451,0.244535641106894,0.831141825375282,""
"597","6-hydroxyindole sulfate","Xenobiotics","Chemical",0.229737898698924,-0.0256851774989764,0.457002825956198,0.0774277578388919,0.828516919036565,""
"598","4-methoxyphenol sulfate","Amino Acid","Tyrosine Metabolism",-0.065063610250967,-0.313803877870852,0.192033730944757,0.621374905710441,0.960981009182483,""
"599","umbelliferone sulfate","Xenobiotics","Food Component/Plant",0.054220625976644,-0.2024919771256,0.303960414672759,0.680735902283753,0.960981009182483,""
"600","sphingomyelin (d18:1/20:0, d16:1/22:0)*","Lipid","Sphingomyelins",0.209205230706862,-0.0472283540810458,0.439768391300563,0.108666617122663,0.831141825375282,""
"601","sphingomyelin (d18:1/20:1, d18:2/20:0)*","Lipid","Sphingomyelins",-0.0215674607097809,-0.273991644848195,0.233636755971159,0.870073197844281,0.978607017649618,""
"602","sphingomyelin (d18:1/20:2, d18:2/20:1, d16:1/22:2)*","Lipid","Sphingomyelins",-0.0570180285684637,-0.306505063031983,0.199799427073523,0.665217235727076,0.960981009182483,""
"603","behenoyl sphingomyelin (d18:1/22:0)*","Lipid","Sphingomyelins",0.216138023496207,-0.0399809444192397,0.445606595677711,0.0971865294641401,0.831141825375282,""
"604","sphingomyelin (d18:1/22:1, d18:2/22:0, d16:1/24:1)*","Lipid","Sphingomyelins",0.160807647182527,-0.097081174103022,0.398461939676653,0.219666791007075,0.831141825375282,""
"605","sphingomyelin (d18:1/22:2, d18:2/22:1, d16:1/24:2)*","Lipid","Sphingomyelins",0.00639687344969089,-0.247930548543969,0.259899414950739,0.961311302522322,0.993926426282083,""
"606","lignoceroyl sphingomyelin (d18:1/24:0)","Lipid","Sphingomyelins",0.241239426156744,-0.0135130397923915,0.46658282781927,0.0633322413272528,0.828516919036565,""
"607","sphingomyelin (d17:1/16:0, d18:1/15:0, d16:1/17:0)*","Lipid","Sphingomyelins",0.196819819508222,-0.0601089739823566,0.429289731249194,0.131740078353243,0.831141825375282,""
"608","dopamine 4-sulfate","Amino Acid","Tyrosine Metabolism",-0.0260218415617453,-0.278108914736796,0.229418765613802,0.843547725082268,0.978057183043045,""
"609","dopamine 3-O-sulfate","Amino Acid","Tyrosine Metabolism",0.0344330305618511,-0.221427702160387,0.285858359832049,0.793950714182099,0.971250083747139,""
"610","3-hydroxyhexanoate","Lipid","Fatty Acid, Monohydroxy",-0.0894222134207657,-0.335723800356428,0.168324551927918,0.496850396398763,0.94486507007457,""
"611","3beta-hydroxy-5-cholestenoate","Lipid","Sterol",0.133331010713857,-0.124819588320708,0.374574117846425,0.30982211834396,0.875370429606745,""
"612","1,2,3-benzenetriol sulfate (2)","Xenobiotics","Chemical",-0.0709453204711516,-0.319121129326511,0.186336185343364,0.590121839271621,0.960981009182483,""
"613","3-methoxycatechol sulfate (1)","Xenobiotics","Benzoate Metabolism",-0.0773380987710751,-0.324882736546595,0.180123886188225,0.556977189164285,0.960981009182483,""
"614","3-methoxycatechol sulfate (2)","Xenobiotics","Benzoate Metabolism",0.0613018670975071,-0.195668624538173,0.310394943696318,0.641722753699466,0.960981009182483,""
"615","N-acetylkynurenine (2)","Amino Acid","Tryptophan Metabolism",0.184251729569855,-0.0730926923355131,0.418592152089905,0.158751423158792,0.831141825375282,""
"616","C-glycosyltryptophan","Amino Acid","Tryptophan Metabolism",-0.172307405390832,-0.408364875838662,0.0853516990042492,0.188012289512637,0.831141825375282,""
"617","arabitol/xylitol","Carbohydrate","Pentose Metabolism",0.00238207714361867,-0.251694867492284,0.256151841439678,0.985588306599821,0.999058761815308,""
"618","N-acetylglucosamine/N-acetylgalactosamine","Carbohydrate","Aminosugar Metabolism",-0.15941937464168,-0.397262678339836,0.0984923489992889,0.223726061582524,0.831141825375282,""
"619","adipoylcarnitine (C6-DC)","Lipid","Fatty Acid Metabolism (Acyl Carnitine, Dicarboxylate)",0.190932337675021,-0.066201998978257,0.424286592100343,0.143926098783052,0.831141825375282,""
"620","nonanoylcarnitine (C9)","Lipid","Fatty Acid Metabolism (Acyl Carnitine, Medium Chain)",-0.0174659201377056,-0.27019231192102,0.237512155465224,0.894624795972794,0.985647226590267,""
"621","glycochenodeoxycholate 3-sulfate","Lipid","Primary Bile Acid Metabolism",-0.195918926762009,-0.42852508260125,0.0610425609611323,0.133552527101384,0.831141825375282,""
"622","glycodeoxycholate 3-sulfate","Lipid","Secondary Bile Acid Metabolism",-0.138337399412249,-0.378950596965112,0.119795389542565,0.291839887174547,0.862611622717978,""
"623","taurodeoxycholic acid 3-sulfate","Lipid","Secondary Bile Acid Metabolism",-0.207866276783859,-0.43863858939789,0.0486249672417741,0.110999500881716,0.831141825375282,""
"624","linoleoyl ethanolamide","Lipid","Endocannabinoid",-0.055699324399982,-0.305305952109726,0.201069186855601,0.672515877404181,0.960981009182483,""
"625","1,2-dilinoleoyl-GPC (18:2/18:2)","Lipid","Phosphatidylcholine (PC)",0.146687864148812,-0.111385696162205,0.386226527446896,0.263396179362676,0.840136154283436,""
"626","1-stearoyl-2-oleoyl-GPC (18:0/18:1)","Lipid","Phosphatidylcholine (PC)",0.253317677369918,-0.000648755325357039,0.476586606016688,0.0508319780614876,0.828516919036565,""
"627","1-palmitoyl-2-arachidonoyl-GPC (16:0/20:4n6)","Lipid","Phosphatidylcholine (PC)",-0.0306491324678796,-0.282376221643717,0.225026857624677,0.816174823105722,0.976408555057729,""
"628","1-palmitoyl-2-docosahexaenoyl-GPC (16:0/22:6)","Lipid","Phosphatidylcholine (PC)",-0.0462080739986671,-0.296652047741356,0.210182781048389,0.725900296128253,0.971250083747139,""
"629","1-stearoyl-2-docosahexaenoyl-GPC (18:0/22:6)","Lipid","Phosphatidylcholine (PC)",-0.0522039205161933,-0.302123711791907,0.204430687482107,0.692006320490944,0.960981009182483,""
"630","1-(1-enyl-stearoyl)-2-oleoyl-GPE (P-18:0/18:1)","Lipid","Plasmalogen",0.409591128737772,0.173735879555675,0.601007828363911,0.00115491162759652,0.470399203018312,""
"631","sphingomyelin (d18:1/17:0, d17:1/18:0, d19:1/16:0)","Lipid","Sphingomyelins",0.154266769774158,-0.103720902729476,0.392804478731102,0.239247757538385,0.831141825375282,""
"632","1-palmitoyl-2-stearoyl-GPC (16:0/18:0)","Lipid","Phosphatidylcholine (PC)",0.155191031392677,-0.102784065889755,0.393605005708796,0.23641044641537,0.831141825375282,""
"633","2-hydroxybutyrate/2-hydroxyisobutyrate","Amino Acid","Glutathione Metabolism",-0.0273066634981264,-0.279294781581523,0.228200342752463,0.835927378390912,0.978057183043045,""
"634","2-methylcitrate/homocitrate","Energy","TCA Cycle",0.167915332853374,-0.08983995203552,0.4045892203955,0.19969060900812,0.831141825375282,""
"635","oleate/vaccenate (18:1)","Lipid","Long Chain Monounsaturated Fatty Acid",-0.250166034179197,-0.473981829666047,0.00401362721717221,0.0538812917738624,0.828516919036565,""
"636","3-hydroxystearate","Lipid","Fatty Acid, Monohydroxy",0.0451488990077706,-0.211197055301164,0.295683758401083,0.731944648103749,0.971250083747139,""
"637","2-hydroxylaurate","Lipid","Fatty Acid, Monohydroxy",0.109763239031916,-0.148294672853644,0.353826238817203,0.403794369109321,0.907245349072741,""
"638","palmitoyl dihydrosphingomyelin (d18:0/16:0)*","Lipid","Dihydrosphingomyelins",0.18625044785061,-0.0710336928707384,0.420297760486985,0.154202654213157,0.831141825375282,""
"639","tricosanoyl sphingomyelin (d18:1/23:0)*","Lipid","Sphingomyelins",0.24900233575814,-0.00525460392616867,0.47301906265939,0.0550441221679139,0.828516919036565,""
"640","sphingomyelin (d18:2/23:0, d18:1/23:1, d17:1/24:1)*","Lipid","Sphingomyelins",0.229243936826852,-0.026206249677236,0.456590204528541,0.0780847536254194,0.828516919036565,""
"641","sphingomyelin (d18:2/24:1, d18:1/24:2)*","Lipid","Sphingomyelins",0.0958586177720642,-0.162009537896114,0.341471603920917,0.466259632224086,0.926828676604874,""
"642","1-stearoyl-2-linoleoyl-GPE (18:0/18:2)*","Lipid","Phosphatidylethanolamine (PE)",-0.00358118404208573,-0.257271935933117,0.250571375719038,0.978335091941134,0.996474489991839,""
"643","1-stearoyl-2-arachidonoyl-GPE (18:0/20:4)","Lipid","Phosphatidylethanolamine (PE)",-0.0319387210848315,-0.283563713200851,0.223801014317483,0.808583503045501,0.975121026707989,""
"644","1-stearoyl-2-linoleoyl-GPC (18:0/18:2)*","Lipid","Phosphatidylcholine (PC)",0.132081367846863,-0.126071615424945,0.373480027432242,0.314419458464476,0.879069109471195,""
"645","1-palmitoyl-2-palmitoleoyl-GPC (16:0/16:1)*","Lipid","Phosphatidylcholine (PC)",0.0151869784529191,-0.239661944048496,0.268077879003511,0.908310540679631,0.988181425430885,""
"646","1-palmitoyl-2-dihomo-linolenoyl-GPC (16:0/20:3n3 or 6)*","Lipid","Phosphatidylcholine (PC)",0.151918413358233,-0.106099152767428,0.390768878837937,0.246561692327932,0.831141825375282,""
"647","1-palmitoyl-2-arachidonoyl-GPE (16:0/20:4)*","Lipid","Phosphatidylethanolamine (PE)",0.000742184449303211,-0.253230241466969,0.254618901641475,0.995509529891966,0.999093744848646,""
"648","1-palmitoyl-2-docosahexaenoyl-GPE (16:0/22:6)*","Lipid","Phosphatidylethanolamine (PE)",-0.0576329522830738,-0.307063948747544,0.199207031533623,0.661824295799071,0.960981009182483,""
"649","1-stearoyl-2-docosahexaenoyl-GPE (18:0/22:6)*","Lipid","Phosphatidylethanolamine (PE)",-0.125785149831512,-0.367957311623705,0.132367360338189,0.338243200546464,0.890069110791673,""
"650","1-palmitoyl-2-arachidonoyl-GPI (16:0/20:4)*","Lipid","Phosphatidylinositol (PI)",-0.123239595008113,-0.36571962208283,0.134906824566976,0.348187236362841,0.899254835843615,""
"651","1-stearoyl-2-linoleoyl-GPI (18:0/18:2)","Lipid","Phosphatidylinositol (PI)",-0.0101144139621673,-0.263362722007288,0.244438078653504,0.938862399160095,0.993926426282083,""
"652","gamma-tocopherol/beta-tocopherol","Cofactors and Vitamins","Tocopherol Metabolism",-0.263128353160097,-0.484669936158932,-0.00986261959833714,0.0422290349997031,0.828516919036565,""
"653","1-(1-enyl-stearoyl)-2-arachidonoyl-GPE (P-18:0/20:4)*","Lipid","Plasmalogen",0.218646230020817,-0.0373522577417918,0.447713995180588,0.093274083462344,0.828516919036565,""
"654","1-(1-enyl-palmitoyl)-2-arachidonoyl-GPE (P-16:0/20:4)*","Lipid","Plasmalogen",0.159558480191526,-0.0983509953681788,0.397382881511706,0.223316981900272,0.831141825375282,""
"655","1-(1-enyl-palmitoyl)-2-oleoyl-GPE (P-16:0/18:1)*","Lipid","Plasmalogen",0.432222265530886,0.200278512424209,0.618288611772668,0.00056341849106718,0.470399203018312,""
"656","1-(1-enyl-palmitoyl)-2-oleoyl-GPC (P-16:0/18:1)*","Lipid","Plasmalogen",0.320482394386261,0.0724538719038417,0.531180480938001,0.0125441539620571,0.821128717553662,""
"657","1-(1-enyl-palmitoyl)-2-linoleoyl-GPC (P-16:0/18:2)*","Lipid","Plasmalogen",0.256530025451795,0.00278685698708519,0.4792375259165,0.0478702815777658,0.828516919036565,""
"658","1-(1-enyl-palmitoyl)-2-arachidonoyl-GPC (P-16:0/20:4)*","Lipid","Plasmalogen",0.196564014869772,-0.0603741077117809,0.429072646413299,0.132252817568265,0.831141825375282,""
"659","sphingomyelin (d18:1/21:0, d17:1/22:0, d16:1/23:0)*","Lipid","Sphingomyelins",0.264212922656154,0.0110280973725336,0.485561230913349,0.0413564417665881,0.828516919036565,""
"660","behenoyl dihydrosphingomyelin (d18:0/22:0)*","Lipid","Dihydrosphingomyelins",-0.0533423998735946,-0.303160803442362,0.203336485677809,0.685635540237009,0.960981009182483,""
"661","sphingomyelin (d18:0/18:0, d19:0/17:0)*","Lipid","Dihydrosphingomyelins",-0.0189427921410334,-0.271561273185615,0.236117646263781,0.885771758095587,0.985647226590267,""
"662","N-palmitoyl-sphinganine (d18:0/16:0)","Lipid","Dihydroceramides",-0.0460135762391101,-0.29647427802799,0.210369075001295,0.727008996062067,0.971250083747139,""
"663","lactosyl-N-palmitoyl-sphingosine (d18:1/16:0)","Lipid","Lactosylceramides (LCER)",0.147057743540339,-0.11101233643675,0.386548122968724,0.262180957703283,0.840136154283436,""
"664","myristoyl dihydrosphingomyelin (d18:0/14:0)*","Lipid","Dihydrosphingomyelins",0.167222286055299,-0.0905472205908323,0.403992703134931,0.201579505898455,0.831141825375282,""
"665","5-hydroxyindole sulfate","Amino Acid","Tryptophan Metabolism",-0.0951422732762599,-0.340832805003737,0.162713418279279,0.469613064180223,0.926828676604874,""
"666","palmitoyl-linoleoyl-glycerol (16:0/18:2) [1]*","Lipid","Diacylglycerol",-0.104685738272303,-0.349324591362884,0.153314413081275,0.426017487867295,0.923074246881848,""
"667","palmitoyl-linoleoyl-glycerol (16:0/18:2) [2]*","Lipid","Diacylglycerol",-0.15712394429427,-0.395277983738696,0.10082337387564,0.230551885401076,0.831141825375282,""
"668","1-palmitoyl-2-oleoyl-GPI (16:0/18:1)*","Lipid","Phosphatidylinositol (PI)",0.0542344929737198,-0.202478639458445,0.303973037537105,0.680658642555723,0.960981009182483,""
"669","1-(1-enyl-palmitoyl)-2-linoleoyl-GPE (P-16:0/18:2)*","Lipid","Plasmalogen",0.293207073579396,0.0424423079039165,0.509219129148059,0.0229889512424842,0.828516919036565,""
"670","1-oleoyl-2-linoleoyl-GPE (18:1/18:2)*","Lipid","Phosphatidylethanolamine (PE)",-0.036966261216285,-0.288185864676163,0.219014250622608,0.779161565460249,0.971250083747139,""
"671","1-linoleoyl-GPA (18:2)*","Lipid","Lysophospholipid",0.0369972033368966,-0.218984752166766,0.28821427562269,0.778981392364387,0.971250083747139,""
"672","1-oleoyl-2-docosahexaenoyl-GPC (18:1/22:6)*","Lipid","Phosphatidylcholine (PC)",-0.0131901490988279,-0.266223188931935,0.241543556272689,0.920324076744358,0.990549990428757,""
"673","1-linoleoyl-2-arachidonoyl-GPC (18:2/20:4n6)*","Lipid","Phosphatidylcholine (PC)",0.142704805441844,-0.115401621901056,0.382759721234067,0.276722153024592,0.842687960967734,""
"674","1-myristoyl-2-arachidonoyl-GPC (14:0/20:4)*","Lipid","Phosphatidylcholine (PC)",0.112905934275592,-0.145181051646005,0.356606858633875,0.390385003564273,0.905790722465325,""
"675","1-(1-enyl-palmitoyl)-2-palmitoleoyl-GPC (P-16:0/16:1)*","Lipid","Plasmalogen",0.218491121426605,-0.0375149197176595,0.447583746444671,0.093512403870659,0.828516919036565,""
"676","1-(1-enyl-palmitoyl)-2-palmitoyl-GPC (P-16:0/16:0)*","Lipid","Plasmalogen",0.280652664269594,0.0287788783933872,0.499015224243328,0.0298515174338761,0.828516919036565,""
"677","1-stearoyl-2-oleoyl-GPI (18:0/18:1)*","Lipid","Phosphatidylinositol (PI)",0.150613707957147,-0.107419192144908,0.389636925021147,0.250690443479342,0.831141825375282,""
"678","1-(1-enyl-stearoyl)-2-linoleoyl-GPE (P-18:0/18:2)*","Lipid","Plasmalogen",0.399074983524701,0.161517674039895,0.592916495025238,0.00158561529107296,0.470399203018312,""
"679","1-linoleoyl-GPG (18:2)*","Lipid","Lysophospholipid",-0.00841251177976787,-0.261778018499148,0.24603776285344,0.949134761470879,0.993926426282083,""
"680","thioproline","Xenobiotics","Chemical",-0.0536334311175369,-0.303425821849519,0.203056670239299,0.684010433342734,0.960981009182483,""
"681","palmitoylcholine","Lipid","Fatty Acid Metabolism (Acyl Choline)",0.271914691973782,0.0193242488974652,0.49187730425199,0.0355784107830972,0.828516919036565,""
"682","isocitric lactone","Energy","TCA Cycle",0.0610331083219545,-0.195928050543771,0.310151145997408,0.64318682548239,0.960981009182483,""
"683","(S)-3-hydroxybutyrylcarnitine","Lipid","Fatty Acid Metabolism (Acyl Carnitine, Hydroxy)",-0.185228242057607,-0.419425666652713,0.0720870023075751,0.156516831453567,0.831141825375282,""
"684","glycosyl-N-palmitoyl-sphingosine (d18:1/16:0)","Lipid","Hexosylceramides (HCER)",0.346300844271851,0.101282337223279,0.551711188128375,0.00671961165661042,0.821128717553662,""
"685","ascorbic acid 2-sulfate","Cofactors and Vitamins","Ascorbate and Aldarate Metabolism",-0.0763103281745014,-0.323957677597304,0.181124028547597,0.562245795414877,0.960981009182483,""
"686","oleoylcholine","Lipid","Fatty Acid Metabolism (Acyl Choline)",0.317669180959183,0.0693375242287355,0.52892837712322,0.0133862261388776,0.821128717553662,""
"687","arachidonoylcholine","Lipid","Fatty Acid Metabolism (Acyl Choline)",0.279189025296833,0.0271920485180015,0.497821661548321,0.0307530853526489,0.828516919036565,""
"688","docosahexaenoylcholine","Lipid","Fatty Acid Metabolism (Acyl Choline)",0.146174866904173,-0.111903399827343,0.385780400190097,0.26508786430874,0.840136154283436,""
"689","dihomo-linolenoyl-choline","Lipid","Fatty Acid Metabolism (Acyl Choline)",0.273728203028454,0.0212827897047869,0.493361170043329,0.0343201990749017,0.828516919036565,""
"690","caffeic acid sulfate","Xenobiotics","Food Component/Plant",0.127608797375273,-0.13054599013077,0.369558680293824,0.331229595707309,0.884597816934896,""
"691","1-linoleoyl-2-linolenoyl-GPC (18:2/18:3)*","Lipid","Phosphatidylcholine (PC)",0.00119034546623701,-0.252810771048652,0.255037960579135,0.992798060465858,0.999093744848646,""
"692","hexadecadienoate (16:2n6)","Lipid","Long Chain Polyunsaturated Fatty Acid (n3 and n6)",-0.332751794620123,-0.540968000647625,-0.0861022031963561,0.00938369647050074,0.821128717553662,""
"693","palmitoleoylcarnitine (C16:1)*","Lipid","Fatty Acid Metabolism (Acyl Carnitine, Monounsaturated)",0.000142202314369774,-0.253791664174661,0.254057731031919,0.999139623034456,0.999538845869555,""
"694","3-methylglutarate/2-methylglutarate","Lipid","Fatty Acid, Dicarboxylate",-0.107315681063086,-0.351657675802569,0.150716049112109,0.414421226755253,0.912957653000435,""
"695","4-hydroxyphenylacetylglutamine","Peptide","Acetylated Peptides",0.0514353953453428,-0.205168960890593,0.30142329328398,0.696318950769506,0.962304140038603,""
"696","2,3-dihydroxy-2-methylbutyrate","Amino Acid","Leucine, Isoleucine and Valine Metabolism",0.0620237440308218,-0.194971637022681,0.311049613859449,0.637797028567472,0.960981009182483,""
"697","2'-O-methyluridine","Nucleotide","Pyrimidine Metabolism, Uracil containing",0.00342015270199601,-0.250722292302097,0.25712155500008,0.979309057393027,0.996474489991839,""
"698","gamma-glutamyl-alpha-lysine","Peptide","Gamma-glutamyl Amino Acid",-0.0688918889917373,-0.317266536075076,0.188327289051095,0.600952794438388,0.960981009182483,""
"699","palmitoyl-oleoyl-glycerol (16:0/18:1) [2]*","Lipid","Diacylglycerol",-0.069883912721445,-0.318162737261147,0.187365640137325,0.595709377243395,0.960981009182483,""
"700","oleoyl-oleoyl-glycerol (18:1/18:1)  [1]*","Lipid","Diacylglycerol",-0.0310122187727783,-0.282710640356247,0.224681800784179,0.814035739537924,0.976408555057729,""
"701","oleoyl-oleoyl-glycerol (18:1/18:1) [2]*","Lipid","Diacylglycerol",0.0737871116054473,-0.183577160468931,0.32168461198447,0.575278913585835,0.960981009182483,""
"702","linoleoyl-arachidonoyl-glycerol (18:2/20:4) [1]*","Lipid","Diacylglycerol",-0.173097081120071,-0.409042866826926,0.0845436198331862,0.185965749284716,0.831141825375282,""
"703","linoleoyl-linolenoyl-glycerol (18:2/18:3) [1]*","Lipid","Diacylglycerol",-0.301060127541513,-0.515571165583975,-0.0510370329453663,0.0194152328098614,0.828516919036565,""
"704","linoleoyl-linolenoyl-glycerol (18:2/18:3) [2]*","Lipid","Diacylglycerol",-0.200257732996975,-0.432204661839948,0.0565421600307439,0.124993847146068,0.831141825375282,""
"705","linoleoyl-docosahexaenoyl-glycerol (18:2/22:6) [1]*","Lipid","Diacylglycerol",0.00606848584263236,-0.248238737182115,0.25959317114778,0.963296009754781,0.994095041931219,""
"706","oleoyl-arachidonoyl-glycerol (18:1/20:4) [1]*","Lipid","Diacylglycerol",-0.059864980889209,-0.309091128026852,0.197055196469177,0.649565865477407,0.960981009182483,""
"707","oleoyl-arachidonoyl-glycerol (18:1/20:4) [2]*","Lipid","Diacylglycerol",-0.0898891102222472,-0.336141363958474,0.167867171377233,0.494596871955587,0.944141332018604,""
"708","diacylglycerol (16:1/18:2 [2], 16:0/18:3 [1])*","Lipid","Diacylglycerol",-0.176981008639455,-0.41237369889457,0.0805642385597445,0.1761332521367,0.831141825375282,""
"709","linoleoyl-linoleoyl-glycerol (18:2/18:2) [1]*","Lipid","Diacylglycerol",-0.251353307868159,-0.47496355008211,0.00274670230205914,0.0527155631315552,0.828516919036565,""
"710","linoleoyl-linoleoyl-glycerol (18:2/18:2) [2]*","Lipid","Diacylglycerol",-0.265755385399443,-0.486828028340981,-0.0126868126729863,0.040141109856994,0.828516919036565,""
"711","perfluorooctanesulfonate (PFOS)","Xenobiotics","Chemical",0.233179195813667,-0.0220511545244213,0.459874734546771,0.0729715126066572,0.828516919036565,""
"712","N-palmitoyl-sphingadienine (d18:2/16:0)*","Lipid","Ceramides",0.0374243567335313,-0.218577480618533,0.288606441178831,0.776495303612807,0.971250083747139,""
"713","lactosyl-N-nervonoyl-sphingosine (d18:1/24:1)*","Lipid","Lactosylceramides (LCER)",0.174751866981692,-0.082849169200049,0.410462770030985,0.181729285469983,0.831141825375282,""
"714","glycosyl-N-behenoyl-sphingosine (d18:1/22:0)*","Lipid","Hexosylceramides (HCER)",0.309526735022552,0.0603449321114629,0.522393170891301,0.0161029791373766,0.828516919036565,""
"715","lactosyl-N-behenoyl-sphingosine (d18:1/22:0)*","Lipid","Lactosylceramides (LCER)",0.0319667050751854,-0.223774404623785,0.28358947313975,0.808418963545124,0.975121026707989,""
"716","N-behenoyl-sphingadienine (d18:2/22:0)*","Lipid","Ceramides",0.25372220535734,-0.00021644158797233,0.476920657483439,0.0504509858800001,0.828516919036565,""
"717","glycosyl-N-behenoyl-sphingadienine (d18:2/22:0)*","Lipid","Hexosylceramides (HCER)",0.118347402383105,-0.139777808937447,0.361411217416214,0.367800173550813,0.902750344938003,""
"718","2-hydroxynervonate*","Lipid","Fatty Acid, Monohydroxy",0.249295692213019,-0.00494184021612493,0.473261816806954,0.0547490812724204,0.828516919036565,""
"719","N-palmitoylserine","Lipid","Endocannabinoid",0.161583564347064,-0.0962920046425567,0.399131863066887,0.217420592756323,0.831141825375282,""
"720","N-oleoylserine","Lipid","Endocannabinoid",0.144422839602353,-0.113670445227047,0.384255907049581,0.270920310426232,0.840136154283436,""
"721","sphingadienine","Lipid","Sphingolipid Synthesis",0.0283786304346951,-0.227183161853377,0.28028359933424,0.82958091133881,0.978057183043045,""
"722","hexadecasphingosine (d16:1)*","Lipid","Sphingosines",0.118374439007871,-0.139750923806149,0.361435056302634,0.367689975606223,0.902750344938003,""
"723","ceramide (d16:1/24:1, d18:1/22:1)*","Lipid","Ceramides",0.0987809922904277,-0.159135290106607,0.344075277203879,0.452714179468622,0.924581214313795,""
"724","ceramide (d18:1/14:0, d16:1/16:0)*","Lipid","Ceramides",-0.0159773675907263,-0.268811488801135,0.238916631130959,0.903560803117969,0.98765071924963,""
"725","ceramide (d18:2/24:1, d18:1/24:2)*","Lipid","Ceramides",0.259183911548563,0.00562971894716186,0.481424526461837,0.0455313651554571,0.828516919036565,""
"726","glycosyl ceramide (d18:2/24:1, d18:1/24:2)*","Lipid","Hexosylceramides (HCER)",-0.0995748054402499,-0.344781869684452,0.158353793918546,0.44907254166303,0.924581214313795,""
"727","glycosyl-N-tricosanoyl-sphingadienine (d18:2/23:0)*","Lipid","Hexosylceramides (HCER)",0.117505511061177,-0.140614792519329,0.360668741174742,0.371241634942974,0.902750344938003,""
"728","glycosyl ceramide (d18:1/23:1, d17:1/24:1)*","Lipid","Hexosylceramides (HCER)",0.0682966850247127,-0.188904031795395,0.316728611619198,0.604108501001501,0.960981009182483,""
"729","glycosyl-N-(2-hydroxynervonoyl)-sphingosine (d18:1/24:1(2OH))*","Lipid","Hexosylceramides (HCER)",-0.00559285343512633,-0.259149521113801,0.248685022399474,0.966171023899443,0.994095041931219,""
"730","ceramide (d18:1/20:0, d16:1/22:0, d20:1/18:0)*","Lipid","Ceramides",0.231521195786689,-0.0238028512711378,0.45849165487974,0.0750922981205859,0.828516919036565,""
"731","stearoylcholine*","Lipid","Fatty Acid Metabolism (Acyl Choline)",0.32158875280568,0.0736807728197645,0.532065355631538,0.0122257282236966,0.821128717553662,""
"732","linoleoylcholine*","Lipid","Fatty Acid Metabolism (Acyl Choline)",0.316218201977019,0.0677320891791445,0.527765638970783,0.0138392480486572,0.821128717553662,""
"733","docosatrienoate (22:3n6)*","Lipid","Long Chain Polyunsaturated Fatty Acid (n3 and n6)",-0.0239217843518645,-0.276168944906932,0.231408570533812,0.856033733011248,0.978507307579512,""
"734","nisinate (24:6n3)","Lipid","Long Chain Polyunsaturated Fatty Acid (n3 and n6)",0.098663386193988,-0.159251043919565,0.343970569508772,0.453255078374475,0.924581214313795,""
"735","sphingomyelin (d18:0/20:0, d16:0/22:0)*","Lipid","Dihydrosphingomyelins",0.108597578102031,-0.149448250636165,0.352793777695656,0.408835506571903,0.907390525807965,""
"736","sphingomyelin (d18:1/19:0, d19:1/18:0)*","Lipid","Sphingomyelins",0.110963373205441,-0.147106245000254,0.354888612855285,0.398642206192381,0.905790722465325,""
"737","sphingomyelin (d18:2/18:1)*","Lipid","Sphingomyelins",0.133812532787257,-0.12433692800117,0.374995522011314,0.308062236024724,0.875370429606745,""
"738","sphingomyelin (d18:2/24:2)*","Lipid","Sphingomyelins",-0.0344680295480531,-0.285890536742909,0.221394379375419,0.793745882642022,0.971250083747139,""
"739","sphingomyelin (d18:2/21:0, d16:2/23:0)*","Lipid","Sphingomyelins",0.108110057638041,-0.149930509253797,0.352361789659521,0.410954659415239,0.909824992237718,""
"740","sphingomyelin (d18:2/23:1)*","Lipid","Sphingomyelins",-0.0236641154837828,-0.275930776487126,0.231652564826556,0.857568202148337,0.978507307579512,""
"741","sphingomyelin (d17:2/16:0, d18:2/15:0)*","Lipid","Sphingomyelins",0.239237767757099,-0.0156368478064885,0.464919371960044,0.0656246458149329,0.828516919036565,""
"742","linolenoylcarnitine (C18:3)*","Lipid","Fatty Acid Metabolism (Acyl Carnitine, Polyunsaturated)",-0.174071090073493,-0.409878761923308,0.0835464445294421,0.1834636384115,0.831141825375282,""
"743","behenoylcarnitine (C22)*","Lipid","Fatty Acid Metabolism (Acyl Carnitine, Long Chain Saturated)",0.0791911681991194,-0.178319284265074,0.326549420938837,0.547537521797559,0.960981009182483,""
"744","arachidoylcarnitine (C20)*","Lipid","Fatty Acid Metabolism (Acyl Carnitine, Long Chain Saturated)",0.0212532819074704,-0.233933899360304,0.273700893592242,0.871949848310277,0.978607017649618,""
"745","lignoceroylcarnitine (C24)*","Lipid","Fatty Acid Metabolism (Acyl Carnitine, Long Chain Saturated)",0.148931888213501,-0.109119436904745,0.388176723065808,0.256081564059483,0.840136154283436,""
"746","cerotoylcarnitine (C26)*","Lipid","Fatty Acid Metabolism (Acyl Carnitine, Long Chain Saturated)",0.10475903294008,-0.153242046789175,0.349389653913749,0.425691831773923,0.923074246881848,""
"747","ximenoylcarnitine (C26:1)*","Lipid","Fatty Acid Metabolism (Acyl Carnitine, Monounsaturated)",0.109630970250185,-0.148425605879445,0.353709114268126,0.404364562555923,0.907245349072741,""
"748","arachidonoylcarnitine (C20:4)","Lipid","Fatty Acid Metabolism (Acyl Carnitine, Polyunsaturated)",0.114749276100679,-0.143352381522112,0.358235819348773,0.382643942409842,0.905790722465325,""
"749","eicosenoylcarnitine (C20:1)*","Lipid","Fatty Acid Metabolism (Acyl Carnitine, Monounsaturated)",0.106689621900645,-0.151334914420728,0.351102559064252,0.41716510395503,0.914475227881716,""
"750","dihomo-linoleoylcarnitine (C20:2)*","Lipid","Fatty Acid Metabolism (Acyl Carnitine, Polyunsaturated)",0.0239866388691593,-0.231347152807714,0.276228886337475,0.855647594768455,0.978507307579512,""
"751","dihomo-linolenoylcarnitine (C20:3n3 or 6)*","Lipid","Fatty Acid Metabolism (Acyl Carnitine, Polyunsaturated)",-0.0935679972373812,-0.339428149577547,0.164259380898873,0.477028140521624,0.926828676604874,""
"752","nervonoylcarnitine (C24:1)*","Lipid","Fatty Acid Metabolism (Acyl Carnitine, Monounsaturated)",0.0578782832275812,-0.198970636068757,0.307286874681756,0.660472523323409,0.960981009182483,""
"753","glycosyl ceramide (d18:1/20:0, d16:1/22:0)*","Lipid","Hexosylceramides (HCER)",0.258705461979175,0.00511689729216154,0.481030452620848,0.0459459589223669,0.828516919036565,""
"754","N-oxalyl glycine (NOG)","Xenobiotics","Food Component/Plant",0.0918784962073638,-0.165917088340314,0.337919463259393,0.485054861035042,0.931068068330275,""
"755","N,N,N-trimethyl-5-aminovalerate","Amino Acid","Lysine Metabolism",-0.154532324189232,-0.393034519320942,0.103451782122437,0.238430171114923,0.831141825375282,""
"756","carotene diol (1)","Cofactors and Vitamins","Vitamin A Metabolism",0.010727817977117,-0.243861176415245,0.263933550088829,0.935162347762082,0.993926426282083,""
"757","carotene diol (2)","Cofactors and Vitamins","Vitamin A Metabolism",0.0407539404475663,-0.215399812313012,0.291660414826248,0.757194863511907,0.971250083747139,""
"758","carotene diol (3)","Cofactors and Vitamins","Vitamin A Metabolism",0.116796550995167,-0.141319333713764,0.360043259819451,0.374154741509071,0.902750344938003,""
"759","cortolone glucuronide (1)","Lipid","Corticosteroids",0.00905663526165053,-0.245432489078248,0.262377946210044,0.945245894108618,0.993926426282083,""
"760","(N(1) + N(8))-acetylspermidine","Amino Acid","Polyamine Metabolism",-0.0518371852319563,-0.301789510227681,0.20478302324184,0.694063076921201,0.960981009182483,""
"761","5-dodecenoylcarnitine (C12:1)","Lipid","Fatty Acid Metabolism (Acyl Carnitine, Monounsaturated)",-0.0398738661139146,-0.290853686697386,0.216240260188483,0.762282566983623,0.971250083747139,""
"762","hydroxy-CMPF*","Lipid","Fatty Acid, Dicarboxylate",0.0105476651872203,-0.24403062755939,0.26376591996935,0.936248890970138,0.993926426282083,""
"763","trans-2-hexenoylglycine","Lipid","Fatty Acid Metabolism (Acyl Glycine)",-0.172024170627789,-0.40812163581403,0.0856414520019271,0.188750255489518,0.831141825375282,""
"764","2-hydroxyarachidate*","Lipid","Fatty Acid, Monohydroxy",0.0746564792468799,-0.182732302120522,0.322468113550367,0.570772711606481,0.960981009182483,""
"765","N-stearoylserine*","Lipid","Endocannabinoid",0.178345607953602,-0.0791641503008062,0.4135424786873,0.172769905918384,0.831141825375282,""
"766","3-hydroxyoleate*","Lipid","Fatty Acid, Monohydroxy",-0.0507795678815814,-0.300825371791779,0.205798741918615,0.700006752888197,0.965900790806969,""
"767","lyxonate","Carbohydrate","Pentose Metabolism",-0.00745265229582343,-0.260883655208345,0.246939361249138,0.954932033824633,0.993926426282083,""
"768","dodecenedioate (C12:1-DC)*","Lipid","Fatty Acid, Dicarboxylate",-0.0462840617213394,-0.296721495321092,0.21010999338696,0.725467293369734,0.971250083747139,""
"769","hexadecenedioate (C16:1-DC)*","Lipid","Fatty Acid, Dicarboxylate",0.0616462688492073,-0.195336129709722,0.310707311107993,0.639848596194316,0.960981009182483,""
"770","octadecenedioate (C18:1-DC)","Lipid","Fatty Acid, Dicarboxylate",0.0173737309301237,-0.237599168591748,0.270106824813495,0.895177855241595,0.985647226590267,""
"771","heptenedioate (C7:1-DC)*","Lipid","Fatty Acid, Dicarboxylate",0.166344487040852,-0.0914426595176897,0.40323687732201,0.203990111310113,0.831141825375282,""
"772","octadecadienedioate (C18:2-DC)*","Lipid","Fatty Acid, Dicarboxylate",0.017351712703563,-0.237619949971449,0.270086406709277,0.89530995380586,0.985647226590267,""
"773","3-carboxy-4-methyl-5-pentyl-2-furanpropionate (3-CMPFP)**","Lipid","Fatty Acid, Dicarboxylate",-0.0872259129156397,-0.333758265584122,0.170474599687994,0.507522139963261,0.950936220141689,""
"774","glucuronide of C10H18O2 (7)*","Partially Characterized Molecules","Partially Characterized Molecules",0.100228142926381,-0.157710351218559,0.345363212946993,0.446087523780751,0.924581214313795,""
"775","3-hydroxystachydrine*","Xenobiotics","Food Component/Plant",0.00720143353233951,-0.247175258958026,0.260649506552091,0.956449717821636,0.993926426282083,""
"776","N-acetyl-2-aminooctanoate*","Lipid","Fatty Acid, Amino",0.0564299562544516,-0.200365779360013,0.305970420787041,0.668468277941892,0.960981009182483,""
"777","hydroxyasparagine**","Amino Acid","Alanine and Aspartate Metabolism",-0.111104291450032,-0.355013314165477,0.146966652399226,0.398039785500211,0.905790722465325,""
"778","perfluorooctanoate (PFOA)","Xenobiotics","Chemical",0.210375265263274,-0.0460071130435253,0.440755062890463,0.106659133364132,0.831141825375282,""
"779","3-hydroxybutyroylglycine**","Lipid","Fatty Acid Metabolism (Acyl Glycine)",0.0129134390149585,-0.241804149149453,0.26596602786965,0.921990308606824,0.99102823026579,""
"780","glyco-beta-muricholate**","Lipid","Primary Bile Acid Metabolism",-0.0464054095331126,-0.296832393426426,0.209993749986138,0.724775991320964,0.971250083747139,""
"781","N,N,N-trimethyl-alanylproline betaine (TMAP)","Amino Acid","Urea cycle; Arginine and Proline Metabolism",-0.180206170212741,-0.415134802968456,0.0772535623600862,0.168259845154916,0.831141825375282,""
"782","3-formylindole","Xenobiotics","Food Component/Plant",0.208450727814542,-0.0480154713779385,0.43913183567255,0.109976510212476,0.831141825375282,""
"783","gamma-glutamylcitrulline*","Peptide","Gamma-glutamyl Amino Acid",0.0682296179490764,-0.188969007554864,0.316667988730557,0.604464537159641,0.960981009182483,""
"784","glycine conjugate of C10H12O2*","Partially Characterized Molecules","Partially Characterized Molecules",-0.117085848103527,-0.360298519151944,0.141031871337969,0.372964364842316,0.902750344938003,""
"785","glycine conjugate of C10H14O2 (1)*","Partially Characterized Molecules","Partially Characterized Molecules",-0.153179963069043,-0.391862704541863,0.104821910888786,0.242613864794738,0.831141825375282,""
"786","glutamine conjugate of C7H12O2*","Partially Characterized Molecules","Partially Characterized Molecules",-0.159222939152924,-0.397092921615735,0.098691941353205,0.224304624753453,0.831141825375282,""
"787","glutamine conjugate of C6H10O2 (1)*","Partially Characterized Molecules","Partially Characterized Molecules",-0.144917120093163,-0.384686128274908,0.113172093138441,0.269266263106562,0.840136154283436,""
"788","glutamine conjugate of C6H10O2 (2)*","Partially Characterized Molecules","Partially Characterized Molecules",-0.101770289592616,-0.346734677751551,0.156190691171573,0.439085476542999,0.924581214313795,""
"789","sphingomyelin (d17:1/14:0, d16:1/15:0)*","Lipid","Sphingomyelins",0.234552538770914,-0.0205990137803832,0.46101952514356,0.0712512180212517,0.828516919036565,""
"790","tetradecadienoate (14:2)*","Lipid","Long Chain Polyunsaturated Fatty Acid (n3 and n6)",-0.237114007940153,-0.463152701235585,0.01788769665317,0.0681292324832645,0.828516919036565,""
"791","N-carbamoylvaline","Amino Acid","Leucine, Isoleucine and Valine Metabolism",0.0887031117616579,-0.169028779883203,0.335080490927132,0.500331609461819,0.946093634741528,""
"792","8-methoxykynurenate","Amino Acid","Tryptophan Metabolism",-0.15826443643722,-0.396264363819416,0.0996655503504721,0.227142648341919,0.831141825375282,""
"793","3-amino-2-piperidone","Amino Acid","Urea cycle; Arginine and Proline Metabolism",0.104225813150984,-0.153768449476061,0.348916269043258,0.428064213077579,0.923074246881848,""
"794","N,N-dimethylalanine","Amino Acid","Alanine and Aspartate Metabolism",-0.000520863309469959,-0.254411917180774,0.253437358737971,0.99684859036584,0.999093744848646,""
"795","3-indoleglyoxylic acid","Xenobiotics","Food Component/Plant",0.268031469992102,0.0151369881409705,0.488695639419765,0.0384017484124343,0.828516919036565,""
"796","ethyl beta-glucopyranoside","Xenobiotics","Food Component/Plant",0.133386606950148,-0.124763866901647,0.374622777996545,0.309618593876847,0.875370429606745,""
"797","2-hydroxysebacate","Lipid","Fatty Acid, Dicarboxylate",0.126484555491848,-0.131669034111428,0.368571638716616,0.335542439378949,0.886150655926601,""
"798","ascorbic acid 3-sulfate*","Cofactors and Vitamins","Ascorbate and Aldarate Metabolism",0.226920974802454,-0.0286548438030565,0.454648451099261,0.0812338932380586,0.828516919036565,""
"799","6-bromotryptophan","Amino Acid","Tryptophan Metabolism",0.340690391988272,0.0949826070283056,0.547270853535403,0.00772950109228096,0.821128717553662,""
"800","delta-CEHC","Cofactors and Vitamins","Tocopherol Metabolism",-0.0776209772661497,-0.325137262098451,0.17984851849754,0.555531206228341,0.960981009182483,""
"801","N6,N6-dimethyllysine","Amino Acid","Lysine Metabolism",-7.62191207293512e-05,-0.253996005709929,0.253853396343925,0.999538845869555,0.999538845869555,""
"802","1-carboxyethylphenylalanine","Amino Acid","Phenylalanine Metabolism",-0.071347582733716,-0.319484217145933,0.18594588523128,0.588010382922538,0.960981009182483,""
"803","1-carboxyethylvaline","Amino Acid","Leucine, Isoleucine and Valine Metabolism",0.0661374484187327,-0.190994807784879,0.314775827020518,0.615616842276721,0.960981009182483,""
"804","1-carboxyethylleucine","Amino Acid","Leucine, Isoleucine and Valine Metabolism",0.0301430980468115,-0.225507657379173,0.281910039249565,0.819158293072869,0.976408555057729,""
"805","1-carboxyethylisoleucine","Amino Acid","Leucine, Isoleucine and Valine Metabolism",0.102854894796614,-0.155121169005148,0.347698613927528,0.434197933337543,0.924581214313795,""
"806","dodecadienoate (12:2)*","Lipid","Fatty Acid, Dicarboxylate",-0.176617706696892,-0.412062399985848,0.080936817619665,0.177036646688012,0.831141825375282,""
"807","indoleacetoylcarnitine*","Amino Acid","Tryptophan Metabolism",0.0965800593605612,-0.161300383793295,0.342114718905468,0.4628954678876,0.926828676604874,""
"808","N-acetyl-isoputreanine","Amino Acid","Polyamine Metabolism",-0.0632774052729384,-0.312185997875965,0.193760583342658,0.631002847737078,0.960981009182483,""
"809","glucuronide of piperine metabolite C17H21NO3 (3)*","Xenobiotics","Food Component/Plant",-0.0188904445559449,-0.271512767954143,0.236167092472791,0.886085322429683,0.985647226590267,""
"810","glucuronide of piperine metabolite C17H21NO3 (4)*","Xenobiotics","Food Component/Plant",-0.129023208253883,-0.370799704100345,0.129132144690131,0.325853431009596,0.884175468288234,""
"811","glucuronide of piperine metabolite C17H21NO3 (5)*","Xenobiotics","Food Component/Plant",0.027510986008048,-0.228006505763523,0.279483296657519,0.834716892795934,0.978057183043045,""
"812","sulfate of piperine metabolite C16H19NO3 (2)*","Xenobiotics","Food Component/Plant",-0.0631960237380347,-0.312112251014866,0.193839222786983,0.631442979983283,0.960981009182483,""
"813","sulfate of piperine metabolite C16H19NO3 (3)*","Xenobiotics","Food Component/Plant",-0.058767316659399,-0.308094487277122,0.198113732652037,0.655583012090291,0.960981009182483,""
"814","sulfate of piperine metabolite C18H21NO3 (1)*","Xenobiotics","Food Component/Plant",-0.0371569746326851,-0.28836097002774,0.218832427864799,0.778051243185435,0.971250083747139,""
"815","sulfate of piperine metabolite C18H21NO3 (3)*","Xenobiotics","Food Component/Plant",-0.0051594048431252,-0.258745125173772,0.249091632596229,0.968791427144978,0.994396221854468,""
"816","N-acetyltheanine","Xenobiotics","Food Component/Plant",-0.204918205402285,-0.436148449113117,0.0516964599700559,0.116271525431872,0.831141825375282,""
"817","2-naphthol sulfate","Xenobiotics","Chemical",-0.0595982872579246,-0.308849029865012,0.197312438468636,0.651025792151884,0.960981009182483,""
"818","4-ethylcatechol sulfate","Xenobiotics","Benzoate Metabolism",0.166248509588683,-0.0915405404200665,0.40315421666132,0.204254917503732,0.831141825375282,""
"819","11beta-hydroxyandrosterone glucuronide","Lipid","Androgenic Steroids",0.161181194417613,-0.096701287333251,0.39878449033609,0.218583394915892,0.831141825375282,""
"820","11beta-hydroxyetiocholanolone glucuronide*","Lipid","Androgenic Steroids",-0.0253672582994456,-0.277504450886284,0.230039212598852,0.847435630609948,0.978507307579512,""
"821","deoxycholic acid glucuronide","Lipid","Secondary Bile Acid Metabolism",-0.0618656722946656,-0.310906278813894,0.195124280840851,0.638655816623621,0.960981009182483,""
"822","4-allylcatechol sulfate","Xenobiotics","Benzoate Metabolism",-0.169435527346018,-0.405896972841083,0.0882876511196683,0.195591498870787,0.831141825375282,""
"823","4-methylhexanoylglutamine","Lipid","Fatty Acid Metabolism (Acyl Glutamine)",-0.0634335964493321,-0.312327527833005,0.193609645658438,0.630158482783655,0.960981009182483,""
"824","didesmethylcitalopram*","Xenobiotics","Drug - Psychoactive",0.0886586067676551,-0.16907235570237,0.335040669142389,0.500547473929323,0.946093634741528,""
"825","citalopram N-oxide*","Xenobiotics","Drug - Psychoactive",0.0351460360303752,-0.220748726630266,0.286513761631428,0.789780599769917,0.971250083747139,""
"826","citalopram propionate*","Xenobiotics","Drug - Psychoactive",-0.0245361178573669,-0.276736660535376,0.230826710302413,0.852377403297481,0.978507307579512,""
"827","glycoursodeoxycholic acid sulfate (1)","Lipid","Secondary Bile Acid Metabolism",-0.0897207239779042,-0.335990780883961,0.168032138382397,0.495408991070436,0.944141332018604,""
"828","dihydrocaffeate sulfate (2)","Xenobiotics","Food Component/Plant",0.0548034480935737,-0.201931320318519,0.304490870993293,0.677491541034561,0.960981009182483,""
"829","lithocholate sulfate (1)","Lipid","Secondary Bile Acid Metabolism",0.0593892512313559,-0.197514041521484,0.308659249328993,0.652171003523226,0.960981009182483,""
"830","3-(methylthio)acetaminophen sulfate*","Xenobiotics","Drug - Analgesics, Anesthetics",0.119742627277247,-0.138389904739086,0.362641008255688,0.362139584292344,0.902750344938003,""
"831","2-ketocaprylate","Amino Acid","Leucine, Isoleucine and Valine Metabolism",0.0369088264459404,-0.219069004421737,0.288133127099177,0.77949603342482,0.971250083747139,""
"832","2,6-dihydroxybenzoic acid","Xenobiotics","Drug - Topical Agents",-0.130592321896003,-0.372175456721547,0.127562429305655,0.319954278153619,0.879069109471195,""
"833","tetrahydrocortisol sulfate (1)","Lipid","Corticosteroids",0.322942239086072,0.0751827485034239,0.533147260330591,0.0118456803793986,0.821128717553662,""
"834","3-ethylcatechol sulfate (1)","Xenobiotics","Food Component/Plant",0.21885491172857,-0.0371333923769498,0.447889215323337,0.0929541984315811,0.828516919036565,""
"835","4-acetylcatechol sulfate (1)","Xenobiotics","Food Component/Plant",0.127643992614624,-0.13051082169516,0.369589571562519,0.331095144993024,0.884597816934896,""
"836","2,3-dihydroxy-5-methylthio-4-pentenoate (DMTPA)*","Amino Acid","Methionine, Cysteine, SAM and Taurine Metabolism",0.0522803206527575,-0.204357278756469,0.302193326608995,0.691578124366996,0.960981009182483,""
"837","meloxicam","Xenobiotics","Drug - Analgesics, Anesthetics",-0.0750547070983527,-0.322826895704206,0.1823451741599,0.568714055231473,0.960981009182483,""
"838","5-hydroxy-2-methylpyridine sulfate","Xenobiotics","Chemical",0.190820847188863,-0.0663171970976305,0.424191710645634,0.144164716504318,0.831141825375282,""
"839","3-hydroxy-2-methylpyridine sulfate","Xenobiotics","Chemical",0.188371875842108,-0.068845881531812,0.4221062758331,0.14948090716711,0.831141825375282,""
"840","hydroxypalmitoyl sphingomyelin (d18:1/16:0(OH))**","Lipid","Sphingomyelins",0.198039583960178,-0.0588442264425987,0.430324497094131,0.129315774221507,0.831141825375282,""
"841","taurochenodeoxycholic acid 3-sulfate","Lipid","Secondary Bile Acid Metabolism",-0.0285102302279342,-0.280404954502979,0.227058249414687,0.828802525869381,0.978057183043045,""
"842","tetradecadienedioate (C14:2-DC)*","Lipid","Fatty Acid, Dicarboxylate",-0.0684000392191546,-0.316822030979587,0.18880389602893,0.603560008594533,0.960981009182483,""
"843","pregnenetriol sulfate*","Lipid","Pregnenolone Steroids",0.0303472920773579,-0.225313660977887,0.282098166574932,0.817954099645274,0.976408555057729,""
"844","pregnenetriol disulfate*","Lipid","Pregnenolone Steroids",0.0569640262472192,-0.199851442014389,0.306455973724465,0.665515522596939,0.960981009182483,""
"845","eicosenedioate (C20:1-DC)*","Lipid","Fatty Acid, Dicarboxylate",-0.0929330271184058,-0.338861283911029,0.164882572799541,0.480036512253632,0.928766295447245,""
"846","undecenoylcarnitine (C11:1)","Lipid","Fatty Acid Metabolism (Acyl Carnitine, Monounsaturated)",0.021446656077928,-0.233751015971253,0.273879853782601,0.870794703429982,0.978607017649618,""
"847","3-hydroxydecanoylcarnitine","Lipid","Fatty Acid Metabolism (Acyl Carnitine, Hydroxy)",-0.104242568355641,-0.348931145973762,0.153751910711369,0.42798955260363,0.923074246881848,""
"848","palmitoyl-sphingosine-phosphoethanolamine (d18:1/16:0)","Lipid","Ceramide PEs",0.150003663974429,-0.108036093895185,0.389107406987567,0.252636966819301,0.832766298033993,""
"849","picolinoylglycine","Lipid","Fatty Acid Metabolism (Acyl Glycine)",0.126895857891386,-0.13125824681944,0.368932809898132,0.333960524146208,0.884597816934896,""
"850","4-vinylcatechol sulfate","Xenobiotics","Benzoate Metabolism",0.142220902606001,-0.115888943620402,0.382338076962794,0.278371079241027,0.842687960967734,""
"851","succinoyltaurine","Amino Acid","Methionine, Cysteine, SAM and Taurine Metabolism",0.00428064970457836,-0.249915701748904,0.257924997259507,0.974104898835164,0.995295890369342,""
"852","(15:3)-anacardic acid","Xenobiotics","Food Component/Plant",0.0370826622219566,-0.218903278101115,0.288292741373307,0.778483833321828,0.971250083747139,""
"853","3,5-dichloro-2,6-dihydroxybenzoic acid","Xenobiotics","Chemical",0.118523386860617,-0.139602803724123,0.361566381752433,0.367083241692167,0.902750344938003,""
"854","metabolonic lactone sulfate","Partially Characterized Molecules","Partially Characterized Molecules",0.101394751601433,-0.1565608658232,0.346400800041556,0.44078490317313,0.924581214313795,""
"855","vanillic acid glycine","Xenobiotics","Food Component/Plant",0.0638229570923326,-0.193233328183323,0.312680292209846,0.628055659681244,0.960981009182483,""
"856","2-hydroxy-4-(methylthio)butanoic acid","Amino Acid","Methionine, Cysteine, SAM and Taurine Metabolism",-0.0528462470837422,-0.302708908466627,0.203813421008848,0.688409302209499,0.960981009182483,""
"857","branched chain 14:0 dicarboxylic acid**","Lipid","Fatty Acid, Dicarboxylate",0.0580431483599158,-0.198811758884201,0.307436668019882,0.659564722566252,0.960981009182483,""
"858","pentose acid*","Partially Characterized Molecules","Partially Characterized Molecules",0.0713627960483923,-0.185931122724232,0.319497947477181,0.587930595722386,0.960981009182483,""
"859","1-methyl-5-imidazolelactate","Amino Acid","Histidine Metabolism",0.00587706395989678,-0.24841836104634,0.259414633681141,0.964453027248932,0.994095041931219,""
"860","(2 or 3)-decenoate (10:1n7 or n8)","Lipid","Medium Chain Fatty Acid",-0.206048012051172,-0.437103178848689,0.0505199273135295,0.114228905448002,0.831141825375282,""
"861","branched-chain, straight-chain, or cyclopropyl 10:1 fatty acid (1)*","Partially Characterized Molecules","Partially Characterized Molecules",-0.34491629565117,-0.550616482558683,-0.0997258600845294,0.00695745011881557,0.821128717553662,""
"862","branched-chain, straight-chain, or cyclopropyl 10:1 fatty acid (2)*","Partially Characterized Molecules","Partially Characterized Molecules",-0.110732151706326,-0.354683981623186,0.147335269086638,0.399631827767736,0.905790722465325,""
"863","3-bromo-5-chloro-2,6-dihydroxybenzoic acid*","Xenobiotics","Chemical",0.0501661112614135,-0.206387642561136,0.300265902036024,0.70346254713311,0.969166667102891,""
"864","branched-chain, straight-chain, or cyclopropyl 12:1 fatty acid*","Partially Characterized Molecules","Partially Characterized Molecules",-0.155690171383912,-0.39403717349749,0.102277944363394,0.234887853844208,0.831141825375282,""
"865","decadienedioic acid (C10:2-DC)**","Lipid","Fatty Acid, Dicarboxylate",0.0261304953822509,-0.22931575795742,0.278209229953856,0.842902730882215,0.978057183043045,""
"866","GlcNAc sulfate conjugate of C21H34O2 steroid**","Partially Characterized Molecules","Partially Characterized Molecules",-0.170546459036113,-0.406852043582663,0.087152464408841,0.192634171586285,0.831141825375282,""
"867","cis-3,4-methyleneheptanoate","Lipid","Fatty Acid, Branched",-0.136755940555745,-0.377569281035186,0.121383904293415,0.297444883696568,0.867821844418875,""
"868","cis-3,4-methyleneheptanoylcarnitine","Lipid","Fatty Acid Metabolism (Acyl Carnitine, Medium Chain)",-0.0724634180283834,-0.320491005220966,0.184862806578842,0.582171296191752,0.960981009182483,""
"869","N-acetyl-2-aminoadipate","Amino Acid","Lysine Metabolism",0.261341061148195,0.00794349674063721,0.483200142489805,0.0437000651065385,0.828516919036565,""
"870","2-methoxyhydroquinone sulfate (1)","Xenobiotics","Benzoate Metabolism",0.0570743326810733,-0.19974519350991,0.306556243305799,0.664906289640676,0.960981009182483,""
"871","2-methoxyhydroquinone sulfate (2)","Xenobiotics","Benzoate Metabolism",0.101024703747762,-0.156925557870036,0.346071742692381,0.442463070610217,0.924581214313795,""
"872","2,4-di-tert-butylphenol","Xenobiotics","Chemical",0.113217826573448,-0.144871765673498,0.356882581965943,0.389068747273105,0.905790722465325,""
"873","3-hydroxyoctanoylcarnitine (1)","Lipid","Fatty Acid Metabolism (Acyl Carnitine, Hydroxy)",-0.143172470019552,-0.38316712144131,0.114930535075087,0.275134732556227,0.841477360738975,""
"874","3-hydroxyoctanoylcarnitine (2)","Lipid","Fatty Acid Metabolism (Acyl Carnitine, Hydroxy)",0.120144928118697,-0.137989526346822,0.362995450580352,0.360517329774447,0.902750344938003,""
"875","cis-3,4-methyleneheptanoylglycine","Lipid","Fatty Acid Metabolism (Acyl Glycine)",-0.202489969315145,-0.43409473372259,0.0542227134770905,0.120756083473156,0.831141825375282,""
"876","bilirubin degradation product, C16H18N2O5 (1)**","Partially Characterized Molecules","Partially Characterized Molecules",0.0586689574542944,-0.198208556438996,0.308005153832904,0.656123266620837,0.960981009182483,""
"877","bilirubin degradation product, C16H18N2O5 (2)**","Partially Characterized Molecules","Partially Characterized Molecules",0.027710854210621,-0.227816874895173,0.279667683240135,0.833533165112767,0.978057183043045,""
"878","bilirubin degradation product, C17H18N2O4 (1)**","Partially Characterized Molecules","Partially Characterized Molecules",-0.231440451933964,-0.458424271437006,0.0238881180963381,0.075196817738312,0.828516919036565,""
"879","bilirubin degradation product, C17H18N2O4 (2)**","Partially Characterized Molecules","Partially Characterized Molecules",-0.18966025621041,-0.423203711583471,0.0675159767557736,0.146666238388737,0.831141825375282,""
"880","bilirubin degradation product, C17H18N2O4 (3)**","Partially Characterized Molecules","Partially Characterized Molecules",-0.173152666751118,-0.409090581106889,0.0844867260055565,0.185822298963946,0.831141825375282,""
"881","bilirubin degradation product, C17H20N2O5 (1)**","Partially Characterized Molecules","Partially Characterized Molecules",0.102053250483464,-0.155911723578672,0.346986207393082,0.437807415143516,0.924581214313795,""
"882","bilirubin degradation product, C17H20N2O5 (2)**","Partially Characterized Molecules","Partially Characterized Molecules",0.0538035373819136,-0.202893100139378,0.303580705851011,0.683061225705412,0.960981009182483,""
"883","tetrahydrocortisol glucuronide","Lipid","Corticosteroids",0.0566014215235576,-0.200200664760726,0.306126323614915,0.667519737030094,0.960981009182483,""
"884","bilirubin degradation product, C16H18N2O5 (3)**","Partially Characterized Molecules","Partially Characterized Molecules",0.036897104495052,-0.219080179010981,0.288122363618473,0.779564300395209,0.971250083747139,""
"885","bilirubin degradation product, C16H18N2O5 (4)**","Partially Characterized Molecules","Partially Characterized Molecules",0.0361966478024579,-0.219747805695094,0.287479065999831,0.783646648521599,0.971250083747139,""
"886","propylene azelate (1)**","Xenobiotics","Chemical",-0.0642114476768311,-0.31303219990012,0.192857776228927,0.625960461886747,0.960981009182483,""
"887","N,N-dimethyl-pro-pro","Peptide","Modified Peptides",-0.0431376228098582,-0.293843647692187,0.213121550840872,0.743466739772252,0.971250083747139,""
"888","oxindolylalanine","Amino Acid","Tryptophan Metabolism",0.226067655591263,-0.0295535432023717,0.453934621378116,0.0824155969315153,0.828516919036565,""
"889","tetrahydrocortisone glucuronide (5)","Lipid","Corticosteroids",0.120517770003569,-0.137618390796909,0.363323875709423,0.359017839129208,0.902750344938003,""
"890","perfluorohexanesulfonic acid","Xenobiotics","Chemical",0.101907770714098,-0.156055155398442,0.346856891893285,0.438464249272151,0.924581214313795,""
